Unnamed: 0,tps,latency
0.0,0.2166658174895318,20847397
1.0,0.3222207328463904,12744942
2.0,3789.313101808724,1076
3.0,0.1666666077889097,12510551
4.0,0.2666661751638688,10686198
5.0,0.161110646789332,10766591
6.0,0.2277777728198149,11191102
7.0,0.1777770500721145,22452142
8.0,0.1888879268616898,11776074
9.0,0.411110361492478,12062806
10.0,0.1555549295247416,11409389
11.0,0.2944440234107564,11018573
12.0,0.205554951840662,10231416
13.0,0.1444436623261485,12665920
14.0,4163.050339357126,969
15.0,0.2888876310320201,11009855
16.0,0.1888878560007715,12056131
17.0,3178.532522334025,3143
18.0,3621.40836085265,1279
19.0,0.2111100781764738,9710927
20.0,0.1944439037434788,11341133
21.0,0.2499994063972427,12063616
22.0,0.3777767741109381,11018858
23.0,0.1833326932924196,11236160
24.0,0.1999992834992335,19858684
25.0,0.2277768890594243,9060628
26.0,3981.4169255190686,982
27.0,0.2277777570297549,12207457
28.0,0.1777769892123867,15328938
29.0,0.2499986802236339,8616763
30.0,0.1611111048528397,11840993
31.0,3980.7786536435074,914
32.0,0.2055552942125545,10835644
33.0,0.1888886785833823,10938024
34.0,0.1944441133190824,9518640
35.0,3354.1098698927326,1625
36.0,0.1888884398590921,13291617
37.0,0.2388883008600277,14442890
38.0,0.1944436593738487,11761776
39.0,0.2222218215031917,14590690
40.0,0.2722209609211836,11585523
41.0,0.438886375957166,8378115
42.0,0.1388882068984105,12413116
43.0,0.3055546482093302,15598868
44.0,0.2111104311302766,11379451
45.0,0.2222213197826771,11249747
46.0,0.1777776226747032,11030472
47.0,0.2444437677018735,13126161
48.0,0.1944440814929614,11910532
49.0,0.2333325263890869,12062701
50.0,0.1888881711054436,9231034
51.0,0.1388888871427469,12329993
52.0,3865.86481203945,1068
53.0,0.2111103727279529,13089849
54.0,0.2444440907460673,15318924
55.0,0.1555552073486806,12274435
56.0,0.2555553346875983,12506275
57.0,0.4055544425136411,10932096
58.0,4156.90118934143,898
59.0,0.2222218052279429,10227157
60.0,0.2111102968493134,12517083
61.0,3820.950977397204,1032
62.0,0.1444443253982462,11702060
63.0,0.2555551989822259,18977106
64.0,0.1833322431023166,12508413
65.0,0.2611108632574266,17448143
66.0,2929.0832623761817,1409
67.0,0.1944439776427873,12034945
68.0,0.2333328109491325,10559657
69.0,0.2222210320718061,16537293
70.0,0.2166663091311455,11059574
71.0,0.3166653606014979,13540340
72.0,0.2499998689653464,10559306
73.0,0.2555541103232349,13442029
74.0,0.1611103445337709,12017317
75.0,0.2499990163830367,10854442
76.0,0.3611107778881161,12472426
77.0,0.211110566739058,11492601
78.0,0.3055540883493292,14516526
79.0,0.2666657230063023,12462761
80.0,0.249998470914908,16281100
81.0,0.1666666630620371,11745434
82.0,0.2777769259578591,10188559
83.0,0.2111108367655417,11393473
84.0,3441.6550111048527,2273
85.0,2879.1555281726173,2631
86.0,0.1944433512234303,11797813
87.0,0.2499992044039207,11972483
88.0,0.2222217526269182,10536304
89.0,3606.723700234005,1039
90.0,0.1888883919801961,12907312
91.0,0.161110686459144,11908295
92.0,0.1999995929163841,11117005
93.0,0.1333325611941011,11270349
94.0,2957.221868509179,2227
95.0,0.1999989796318724,10335902
96.0,0.2222219592966073,13080461
97.0,0.1833330549879226,10887780
98.0,0.1999989029360178,11748292
99.0,0.2222209670428921,12071299
100.0,0.3055553287520202,10420793
101.0,0.3666663675748736,11137946
102.0,0.1999990878252714,11937367
103.0,0.2611109003844601,12686800
104.0,0.1999997567747402,10859819
105.0,0.2333327126190586,9572937
106.0,0.1944435063020571,13175475
107.0,0.1444439083079776,11382409
108.0,0.2666665767378081,13403366
109.0,0.461109343632886,11727004
110.0,0.2222214584334894,11705041
111.0,0.1777768617410164,11784915
112.0,0.2111101774094999,11591618
113.0,0.1999989325323641,9716078
114.0,0.1888881286834299,13890680
115.0,3590.775166167102,1091
116.0,0.2722206832467869,10906136
117.0,0.1444436201416176,11724655
118.0,0.2666665121437932,17622722
119.0,0.1833329655531452,11013705
120.0,0.149999244385473,11956863
121.0,0.2611101297054788,11233155
122.0,0.1555553417905406,12425429
123.0,0.2333331268283309,11539006
124.0,3374.0917251337687,991
125.0,0.1222214949527226,12380324
126.0,0.2722219989623744,10515843
127.0,0.1999992511205819,10673989
128.0,0.1888881566649989,11658535
129.0,3791.407894465158,1080
130.0,0.2277776908717307,18580857
131.0,0.1499995069691205,12256746
132.0,0.1722216093113479,11242561
133.0,0.2499994190138501,11571804
134.0,0.1777769040200969,10542745
135.0,0.2277771389135202,9402777
136.0,0.18333326486447,17277198
137.0,3681.691490415828,1186
138.0,3561.4514642351605,1267
139.0,0.1388888807785498,12450225
140.0,0.2055546160270721,10590477
141.0,0.2611107941182552,10744280
142.0,0.2166656247782509,12219035
143.0,0.2388888585592939,9934088
144.0,0.2888872963623592,16403307
145.0,0.1611102060798988,12462026
146.0,0.2777766235294876,12259052
147.0,0.177777332955187,11783108
148.0,0.1555553887500554,12164676
149.0,0.1833325919577202,12199095
150.0,0.188888299135545,13734568
151.0,0.3333316992709734,17638765
152.0,0.1166662066038512,11198640
153.0,0.1499996827973374,17179914
154.0,0.2499988470108731,11350761
155.0,0.188888105353744,16088447
156.0,0.361109631039091,12035376
157.0,0.1666659238514588,11899934
158.0,0.1888888615125965,13144947
159.0,0.3388886331578781,10711852
160.0,0.2055545219383456,9893588
161.0,3566.0320990988644,1391
162.0,0.2166658878490958,13332867
163.0,0.199999152741367,11542504
164.0,0.2444441805031245,16503335
165.0,0.1888885361909672,13328601
166.0,0.2666664629260816,12104464
167.0,0.1499994992150052,12296607
168.0,0.4388888710992599,12008155
169.0,0.2388884312105064,12323684
170.0,0.2555549802856777,10505176
171.0,0.1555555133654435,11776431
172.0,0.3944428420751822,11582794
173.0,0.1777771875229474,11943551
174.0,0.144443761910756,11296372
175.0,0.2499995177217637,11401646
176.0,0.3833318885192419,12627598
177.0,0.1999989128459095,10292453
178.0,0.2444443471352239,11073208
179.0,2657.190676217785,4656
180.0,0.1888883191356074,12029103
181.0,0.1611102206513413,12234280
182.0,0.3777777435658055,12869332
183.0,0.2444438115943544,10106765
184.0,0.2444432748064608,12255151
185.0,0.1666659823463283,11218194
186.0,0.2444443919812458,13026194
187.0,3686.811954882088,1093
188.0,3950.216055476969,1005
189.0,0.2444435282959027,10729926
190.0,0.3555549663851738,12735211
191.0,0.2055545085796536,12304509
192.0,4057.5701403956937,953
193.0,0.2166655364850619,10931551
194.0,0.233332098687644,11106192
195.0,0.2388875020447487,10171144
196.0,2973.235674291176,1997
197.0,0.2277770531000216,12153313
198.0,0.272221000480761,9763886
199.0,0.2333328751284923,12511340
200.0,0.2333332970007464,12051464
201.0,0.1833326127302398,11226564
202.0,0.1999989015938103,14849228
203.0,0.2611097967438693,14854538
204.0,2677.164558415129,7299
205.0,0.1555553117450735,11872452
206.0,0.2333331691484488,12371717
207.0,3931.887458730357,954
208.0,3419.304146979513,2872
209.0,2838.3877985277577,1899
210.0,0.2333320888579337,11598461
211.0,0.177777304723234,10622313
212.0,2704.0719232066795,4902
213.0,0.283333055119162,16831463
214.0,2772.854671774904,2722
215.0,0.372221481772368,12780280
216.0,3038.6660416223326,1474
217.0,0.2055545376723244,18071448
218.0,0.2666656173048701,14207501
219.0,0.2111110049797447,10701129
220.0,3564.8985352758364,1602
221.0,0.2055554415784891,17859138
222.0,0.1555554598448737,11835879
223.0,3760.443570436939,965
224.0,0.2222213071877184,12541320
225.0,0.2611098092219541,11404465
226.0,3841.1358000110063,1002
227.0,0.2222214216967109,12174265
228.0,0.2388880535132916,10590253
229.0,0.1388883732202787,12327319
230.0,3825.785720016417,1272
231.0,0.222221417312792,12543714
232.0,0.3999999687088914,11029374
233.0,0.1833323806333767,11371719
234.0,0.1833326674874183,15905658
235.0,0.1444436545374678,10654286
236.0,0.1999996513406078,10555522
237.0,0.1777767828993947,11513354
238.0,0.3111099574842778,14920421
239.0,0.1944433721248951,11232316
240.0,0.2555548181237329,11502933
241.0,3443.616944656281,1564
242.0,0.1833327356696335,10924351
243.0,0.2444432371365802,9501200
244.0,0.2277777225454763,12306212
245.0,0.1999989045104449,10201542
246.0,0.1722218999749548,11817815
247.0,0.2277776153419677,10412399
248.0,0.1999988994427228,11388600
249.0,0.2333330999691223,13534170
250.0,0.2277767192525426,12938896
251.0,0.2999994375260546,10552283
252.0,0.1611102346329472,11040746
253.0,0.2222220572260484,16689105
254.0,0.261110115324168,11446075
255.0,0.2055545462941529,16819737
256.0,0.1722218593813817,11460498
257.0,0.1999998104057352,12364953
258.0,0.2611104350932934,10777758
259.0,0.2722207971856697,15188398
260.0,3646.480033252897,1512
261.0,0.2833322986698894,15034619
262.0,3658.059351808111,1162
263.0,0.2277775095191431,10692436
264.0,0.1611103068833663,12854998
265.0,3743.880997754771,1204
266.0,0.16111091890847,11807283
267.0,0.4166649685485873,12247092
268.0,2843.4889930852178,4560
269.0,0.3111104396310789,11602522
270.0,0.1944439711451335,12370406
271.0,0.1833330046854965,9855324
272.0,0.1611107447622836,17313104
273.0,0.2277771523472728,12548854
274.0,0.2166665491744155,11058383
275.0,0.1999994356004816,11494874
276.0,0.2777770009512466,10090112
277.0,0.2277776425170865,11455404
278.0,0.2333322567525599,11322392
279.0,0.2055548398718436,12223270
280.0,0.127777423141478,13303419
281.0,0.2833330659314561,11963555
282.0,0.2499998201473516,10918501
283.0,0.2277766677752549,9770045
284.0,0.3222212459759824,12588757
285.0,0.3444441708294766,13033127
286.0,0.1722217191702348,12277460
287.0,0.205554894130153,10847342
288.0,0.2833326076256551,11396832
289.0,0.166665718484098,10160021
290.0,2760.862330589326,6699
291.0,0.3166659189357471,10504130
292.0,0.1666665028788646,11085347
293.0,0.3999996790158131,11029713
294.0,0.177777365946633,10884815
295.0,3299.059737694367,1128
296.0,0.1611106783391871,12812372
297.0,3429.763306405971,1695
298.0,0.216665968050123,8938285
299.0,0.3555545588393372,11595873
300.0,0.2444443974282806,10197196
301.0,0.2388882555974504,10986023
302.0,0.2111103429708813,10975672
303.0,0.2611107200978077,12094553
304.0,0.1666666375722273,12733220
305.0,0.4277759107070379,11934956
306.0,0.1944434815635644,12924444
307.0,0.2499989911415712,14288683
308.0,0.183332283931192,14434446
309.0,0.1833332703817808,13074255
310.0,0.1944435914279705,11299424
311.0,0.1555553120829736,12323009
312.0,0.2277769369556655,12506009
313.0,3215.4535467230144,1582
314.0,0.1388882017942942,12133164
315.0,0.199999494569055,11261911
316.0,0.2166661574482338,12048050
317.0,0.2166656540869544,11170547
318.0,0.2611102629582488,10433889
319.0,0.216666592400581,10118121
320.0,0.1333325985047905,11637646
321.0,0.272222052463038,11851927
322.0,0.2166664983432789,11171149
323.0,0.1611109506222277,10090778
324.0,0.1722218060472711,11519349
325.0,0.1499995279081525,12297315
326.0,0.2666658053613004,10872775
327.0,0.2388887657550017,11520735
328.0,0.1666664909937036,12783488
329.0,0.2611100131681661,11168759
330.0,0.1611104707936559,15930735
331.0,0.3166656217105778,15906017
332.0,0.2888871964881863,12016497
333.0,0.1611106449875831,11828951
334.0,0.1999990559400118,9973582
335.0,0.2499998715486771,10229727
336.0,0.2222213125456991,10759024
337.0,2975.3403650214404,1677
338.0,0.2499987251634453,13064647
339.0,0.2888880512531695,14781833
340.0,0.3444426917267583,13251991
341.0,0.3333323617583874,11634434
342.0,0.1888882168372059,12086892
343.0,0.1222215472611965,12556407
344.0,0.3111106653845892,14845421
345.0,0.1944442162468727,12487725
346.0,3233.6548561447344,1837
347.0,0.3277764762229151,12745300
348.0,0.1611103483780245,10197007
349.0,0.1666659528752792,12520653
350.0,0.2055547110956914,11689993
351.0,0.177777517797911,11610019
352.0,0.1833327080150032,11229250
353.0,0.2222211406855107,11255144
354.0,0.1999993399610671,11884210
355.0,0.1944440951688373,11781217
356.0,0.2277765409081362,10921565
357.0,0.1499994932050456,10486583
358.0,3996.614171464839,1104
359.0,0.2222216164856017,10486588
360.0,0.2277765143723163,10432828
361.0,0.283332421478305,15007630
362.0,0.2499996678671079,11592157
363.0,3718.3588318397774,1045
364.0,2832.4568993481817,1922
365.0,0.2277776241088691,11823954
366.0,0.1666661083583517,11926433
367.0,0.2166664329618261,10962349
368.0,0.1388885091399272,12879019
369.0,0.1999989707375191,11537458
370.0,0.3277761516456908,11687114
371.0,0.161111049066351,12585057
372.0,2958.3591571220645,1541
373.0,3602.381009741131,1136
374.0,0.2499998805792237,18838765
375.0,0.2111099956293508,10967230
376.0,0.2111105741607484,11631235
377.0,0.1944444110324131,11860090
378.0,0.1833324954233666,14379488
379.0,0.1999990046338426,11677793
380.0,0.1888887922890617,11512760
381.0,0.2055552378516638,9712527
382.0,0.2222211801295782,12235578
383.0,0.2111101840981447,10725173
384.0,3698.9087934982,1020
385.0,0.1944436698964495,10664043
386.0,0.3388876908813647,11533156
387.0,0.149999207820017,12134511
388.0,0.1833323887325521,13711910
389.0,0.2944439860311458,15808661
390.0,3849.731009695942,1155
391.0,0.2555543591465888,11895869
392.0,0.1666659638112974,12069820
393.0,0.2388878773513511,11664083
394.0,0.4444436624853264,11648133
395.0,0.3055541021433331,10784299
396.0,0.316666153183703,12161725
397.0,0.1388882799370835,10153225
398.0,0.1833331045702854,10751312
399.0,0.1999995676242681,12408314
400.0,0.161110282400096,13031658
401.0,0.2222219464484904,9836325
402.0,0.194443623925839,12888691
403.0,0.1999999461733478,12017407
404.0,0.2166660168070417,10114823
405.0,0.2333326539814224,11673758
406.0,0.1833322615199698,11852290
407.0,0.23888776661805,10423256
408.0,0.3055538579798016,16063267
409.0,0.2666652237989181,10349988
410.0,0.46666527477267,10888925
411.0,0.2222211896628225,15596687
412.0,0.1388883055695795,11596009
413.0,0.2166656231496554,11850231
414.0,0.1833332283832082,11837268
415.0,0.1388886659386295,14244633
416.0,0.2388884173284617,14849149
417.0,0.3055549193562629,12845294
418.0,0.2944431465652271,11281656
419.0,0.272220982980055,10730816
420.0,0.3111093455413777,12311416
421.0,0.2166655671165986,11798595
422.0,0.2111099845907026,12826430
423.0,0.2722209434068717,15708989
424.0,0.1833325736123149,12050459
425.0,0.19999917956781,10476824
426.0,0.1944442531739535,10197379
427.0,0.205555448147124,12561711
428.0,0.2222216864889458,11898987
429.0,0.2611101366002111,10223396
430.0,0.1888887732364905,11659263
431.0,0.1499996291775834,12607110
432.0,0.2444431392647466,11012983
433.0,0.2333319786234209,15555256
434.0,0.1888879945619504,11782011
435.0,0.1944433815164586,12084534
436.0,0.2055549654883296,11661284
437.0,0.2555551008917965,10037623
438.0,0.2277767904362551,12100611
439.0,0.2444433025031125,11681103
440.0,0.2277774042127114,14617762
441.0,0.2222221742975411,13157618
442.0,0.3277766819128922,10441017
443.0,0.2222217091974806,11420531
444.0,0.3833332658368637,11871999
445.0,0.1888886988332776,11584984
446.0,0.1888880517979072,11805491
447.0,0.2277767708855003,12335870
448.0,0.2055553848886293,10908737
449.0,3257.916743329336,1232
450.0,3684.160482490995,1283
451.0,0.2166656079855433,11478218
452.0,0.2166665519369126,11059194
453.0,0.2833321190552966,10210581
454.0,0.2222219906804881,11126111
455.0,0.1555550962635783,12808010
456.0,0.3666650953132155,12103117
457.0,0.1999995178989398,11678769
458.0,0.2555547871704585,14814223
459.0,0.2222214536569791,10828473
460.0,0.3666653773184227,10875330
461.0,3339.928564787436,1848
462.0,0.2111103837126915,11590082
463.0,0.1722222182467593,10109250
464.0,3702.3812060753658,1171
465.0,0.2333319584260646,10041314
466.0,0.2944430942919935,10165782
467.0,4073.730838517797,923
468.0,3953.383361573455,934
469.0,3565.844641189243,1116
470.0,0.1722217042750145,12530368
471.0,0.2444438073315371,12415698
472.0,2358.4314873709427,2530
473.0,0.3055537880083729,10280177
474.0,0.2444436459624848,13652397
475.0,0.3944429341027275,11342439
476.0,0.2444432779787761,14876964
477.0,0.1722214859447526,10669984
478.0,0.2888886503278513,12857506
479.0,0.2611104487449827,9702730
480.0,0.1944437307700577,9694826
481.0,0.2333324152389828,11568404
482.0,0.2666662927057096,14232857
483.0,0.1777772745515479,10633877
484.0,0.2111109536645618,11643546
485.0,0.111110980960029,12132370
486.0,0.1833330923277242,11352969
487.0,0.1888877843864584,10093533
488.0,0.1333325670799591,12228613
489.0,0.1611103723708256,11797338
490.0,0.3111108833036236,12621957
491.0,0.2555552791640026,12536404
492.0,0.2555554511810303,11510954
493.0,0.2444443966908735,10661756
494.0,0.2777774779247064,10203980
495.0,0.272220944197821,11320995
496.0,0.2611107099072522,11772289
497.0,0.1555554754557202,11732363
498.0,2971.373869138732,1468
499.0,0.411108748037472,11750835
500.0,0.1444441128994647,12311768
501.0,0.1999993400866218,12468393
502.0,0.1999990466356556,11830419
503.0,0.1833324612554446,11380313
504.0,0.1888888561187711,10327212
505.0,0.3944442376504787,12135525
506.0,0.222220911960812,11544151
507.0,3479.013973909851,1125
508.0,0.2111105681769518,9619222
509.0,3246.888876287398,1272
510.0,0.2222220213285766,12047759
511.0,0.2111109180959172,17154488
512.0,0.3222206256852562,11512821
513.0,0.2222215023727022,11738069
514.0,0.2055550577091996,11274207
515.0,0.2666659058821705,10287489
516.0,0.3055537827359031,18336726
517.0,0.2166664809172888,11855837
518.0,0.2111110104545541,11879042
519.0,0.3166663434822743,14443378
520.0,0.3166648298839874,12117420
521.0,0.1999996429973039,12715818
522.0,3586.5128693338866,1320
523.0,2836.6628603522654,1873
524.0,0.2666665237734099,10751688
525.0,0.2277765295155753,13772621
526.0,0.127777157296871,11802522
527.0,0.2777777771790123,10295738
528.0,0.1999991178694463,11888433
529.0,0.1999992223663569,11324075
530.0,0.3055549343674665,9716439
531.0,0.3166648880127682,11724225
532.0,0.1944444334302475,12164180
533.0,0.2277767011937304,12614978
534.0,1937.99300203932,6925
535.0,2822.4376328884623,2197
536.0,3532.8357134033977,1021
537.0,0.2777773152291653,13666281
538.0,3305.5072096393155,1513
539.0,2708.801809974902,5527
540.0,0.183333135108455,10337390
541.0,0.3777757665205843,9476330
542.0,0.2499991379626946,17498524
543.0,0.2333327327193238,19736982
544.0,0.2611103784165313,10318308
545.0,0.1888881216316351,10406780
546.0,0.1777776999071946,10532436
547.0,0.1611104823604476,12040093
548.0,0.4277764557180056,12172604
549.0,0.2166666364513005,14019973
550.0,0.2333320311720818,10979568
551.0,0.194444014737215,12599353
552.0,0.161110940911723,12123162
553.0,0.227776669484837,16547881
554.0,0.2222211948627743,9328153
555.0,0.2111110463539705,15794696
556.0,0.3222222019598161,9855785
557.0,0.3166649745515419,10158807
558.0,0.249999182747116,10693845
559.0,0.2611096160598257,10954694
560.0,0.1555549711821953,11275543
561.0,0.2166663005860815,12982998
562.0,0.1666665144455094,11464711
563.0,3304.438826723848,1473
564.0,0.1833331867462283,12303199
565.0,0.2222220430643419,11488404
566.0,0.2333326132870368,10798489
567.0,0.1388884636587093,10651367
568.0,0.1388887649499562,11197611
569.0,0.1499995103749315,11227922
570.0,0.3888886590945802,11948057
571.0,0.2055543387081294,10239996
572.0,0.1888885428807573,10763828
573.0,0.1999995892197326,11184056
574.0,0.4055533087699473,11557361
575.0,0.1499999909008338,11732888
576.0,0.2277768038750283,12887499
577.0,0.3055552691484166,12596779
578.0,2458.9047959332447,4250
579.0,3363.932627547156,1502
580.0,0.199998849843281,11092607
581.0,0.1444441406647746,12113257
582.0,3057.752588567256,1846
583.0,0.1833325239823693,12575778
584.0,0.1666659479540252,11165028
585.0,0.2055554334225108,10851832
586.0,3148.086673467026,1395
587.0,0.1833323802758804,17349549
588.0,0.2555549280404298,15424612
589.0,0.1888878282889799,10550524
590.0,0.2055555106074172,10358329
591.0,0.2499987588006068,10764766
592.0,0.2055551220101119,14798276
593.0,0.1833330709246348,11071619
594.0,0.1888884815834091,11698796
595.0,3060.68064147681,3268
596.0,0.1555552108365664,12369105
597.0,0.1944436183939414,8875934
598.0,0.1999993851774456,11910444
599.0,0.1833323900810567,10463135
600.0,0.2055551069338186,11381010
601.0,0.2944433773162132,10672018
602.0,0.1944442237729356,10548826
603.0,0.2499996807601298,9766949
604.0,3201.153592881783,1506
605.0,0.2166663638128307,10758524
606.0,0.2111110239386779,13145289
607.0,0.244444000092783,14293471
608.0,0.2444444062554381,11559024
609.0,0.2222216614507978,10939701
610.0,0.2277773209020275,10574274
611.0,2638.3218381998213,3662
612.0,0.1777770724906992,10160373
613.0,0.205554537842477,12230226
614.0,0.2166665592205162,9728590
615.0,0.2222208823228938,10967918
616.0,2301.308920980981,6116
617.0,0.2055545766681184,13400351
618.0,3420.00850829337,1574
619.0,0.2611106076811558,11385537
620.0,0.3111096171471741,10094315
621.0,0.3777761158315089,13261398
622.0,0.1277773916508273,15755565
623.0,0.2999986592376588,11362059
624.0,0.1888887917339388,12327080
625.0,0.3944441476800072,12162858
626.0,0.1722216510232833,10972094
627.0,3026.204980053446,1670
628.0,3070.233086682915,1752
629.0,0.2055553154932124,10282785
630.0,0.2111098442362445,11820211
631.0,3202.715414600661,1716
632.0,0.1722221991712376,12747056
633.0,0.127777603877428,11795434
634.0,0.1499995089766073,11595104
635.0,0.1777768748510057,11923067
636.0,0.2166662797115244,12443672
637.0,0.1611101787405501,11216024
638.0,0.227777047472681,15432731
639.0,0.1888884083840618,11533546
640.0,0.2833322573082531,13235457
641.0,0.2333320563238408,15146886
642.0,0.1666661656163211,12695574
643.0,0.1444440252935619,11389883
644.0,0.1999992803270341,12653303
645.0,0.2999982963230084,11845783
646.0,0.1722220144373185,11313096
647.0,0.2111106857723384,11702670
648.0,0.2166661235159912,10803379
649.0,0.1999992658315839,13163269
650.0,0.1666657206794434,12820186
651.0,0.3611094775401059,12119344
652.0,0.1499995859636428,11661126
653.0,0.3833326482156689,13056199
654.0,0.2388882822241332,10822595
655.0,2122.868156481541,6243
656.0,0.244443156616044,10782141
657.0,0.1777773507368282,12191575
658.0,0.2833322080117843,13328791
659.0,2777.683205270672,2577
660.0,0.1888882584722274,11077696
661.0,2218.69340743604,7630
662.0,0.2222217352825485,13480587
663.0,0.1555553936923906,12280540
664.0,0.2055546841567187,11411813
665.0,0.2388879232879771,11592730
666.0,0.2944433167363561,11683262
667.0,0.1722216352526178,11159419
668.0,0.2055554946551723,10953265
669.0,2930.8234438557865,1681
670.0,0.2222216003548266,11844635
671.0,0.2166654481377789,18210466
672.0,0.1555553538477924,12593917
673.0,0.249999003003976,10612188
674.0,0.1944435602512429,12303782
675.0,0.2722216910239378,11922968
676.0,2800.4776226288104,2371
677.0,0.2333324260020467,10651537
678.0,0.1999991509780486,11409077
679.0,0.2333325289725876,12272590
680.0,0.2388882394672284,11880172
681.0,0.3333321039341639,10359504
682.0,0.2055544297407956,10831367
683.0,0.2111108679371937,10793898
684.0,3244.0863640416724,1282
685.0,0.311110317570666,12077353
686.0,0.1888883868980624,11382016
687.0,0.1944435326090599,12771236
688.0,0.2499997540724641,12195147
689.0,0.2055547167666943,12379430
690.0,0.1999993368188657,13127748
691.0,0.1777777174508846,12110523
692.0,0.2166660613690984,11375483
693.0,0.2111099086771574,11270654
694.0,0.3499993236826957,11561192
695.0,0.2499995435980554,12213759
696.0,0.3222212410925553,12457839
697.0,0.2555545930659706,12922514
698.0,0.2555547000208888,11410203
699.0,0.2166653825102036,12363624
700.0,2889.176722271005,1975
701.0,0.1944441331415477,11404132
702.0,2443.150084989616,7057
703.0,2839.585318804472,2280
704.0,0.1888887837764782,11804043
705.0,0.1666657315441356,11940279
706.0,0.1833332555266996,12996442
707.0,2329.118141258501,5624
708.0,0.1444436115191857,11421930
709.0,0.2611096673284153,14197793
710.0,0.1777769180090962,11991167
711.0,0.1888882210892745,10349646
712.0,0.2333331326772096,9411643
713.0,0.1666661749764505,12152386
714.0,0.2444441925596422,21246317
715.0,0.1611108016315821,11437516
716.0,0.4055553751036914,11797862
717.0,0.1777776060327585,12155189
718.0,3444.377219233741,1229
719.0,0.3888888315731565,11250659
720.0,0.4222202250830268,11107277
721.0,0.1833326830869359,10943546
722.0,0.2499992974894741,11229318
723.0,0.1833331783159644,12342044
724.0,0.1499995262823294,12963991
725.0,0.2444436958206877,9655834
726.0,0.1999997411514461,12126431
727.0,0.2333323102333749,9974102
728.0,0.1444438530600138,11980731
729.0,0.1888878569273663,10318177
730.0,0.2666654547403227,11152217
731.0,0.2277766883598401,11445593
732.0,0.3388880513553106,13514000
733.0,0.244443690690102,10920356
734.0,0.1666666474574096,12206672
735.0,0.3277768255187233,12100334
736.0,0.1777773022185561,11698933
737.0,0.2777765604852727,12380011
738.0,0.1833324815125689,12823899
739.0,0.1222220339133765,11597645
740.0,0.2611101948594806,16305637
741.0,0.2333324921554399,9830250
742.0,0.1444439817654944,12151330
743.0,0.2166656452049082,12190079
744.0,0.2555554394595589,10311285
745.0,3060.996855233177,1818
746.0,0.2055548753424978,14030771
747.0,0.1888882073571504,12092508
748.0,0.2055551876825719,10769804
749.0,3290.029582352329,1559
750.0,0.1944441331123812,11526709
751.0,0.2388882445754415,14605765
752.0,0.1999990697521046,10544004
753.0,0.2888886215722226,11426443
754.0,0.1611107640615191,11423909
755.0,0.19444416839854,11334173
756.0,2410.8875299922206,3593
757.0,0.2499999951305556,12035738
758.0,0.1888886718495086,10845932
759.0,0.2222219930335697,11047421
760.0,0.2722220236559164,12553361
761.0,0.2444440623525725,16259849
762.0,2912.604477686776,4531
763.0,0.3277771220596451,12230913
764.0,0.211110876554026,16559642
765.0,0.2111110556991503,9976621
766.0,0.1777775582086662,10440201
767.0,0.2499998249654003,11151897
768.0,0.1499998452193263,10329911
769.0,2846.231464616972,1719
770.0,0.2611104953806495,11561995
771.0,0.2999986214530013,11015428
772.0,0.21111105682273,11523752
773.0,0.3277765368977532,11161443
774.0,0.1777767321542981,12822293
775.0,0.244444250979042,15043114
776.0,0.2555544326706746,12981525
777.0,0.1833331203022845,12456526
778.0,2970.609640580745,1518
779.0,0.2555545745085192,15780258
780.0,0.1833327320783607,12392782
781.0,3215.1282699885774,1455
782.0,3187.161113835216,1415
783.0,0.1833333041507454,11663932
784.0,0.2111100370477484,10794667
785.0,0.4111090547915818,11999793
786.0,0.2333330451488744,11053749
787.0,0.1944435991840756,11656305
788.0,2915.93312489562,3216
789.0,0.1944438661154546,10324441
790.0,0.1944440238847059,12414124
791.0,0.2444433632212022,11298883
792.0,0.2111105347160181,11289520
793.0,0.1888884183174686,10980200
794.0,0.1722221509739183,11578315
795.0,0.1888888638684601,12845334
796.0,0.2277767805950754,12373984
797.0,0.2333330146626574,10174545
798.0,0.2111109495842593,10995569
799.0,0.1833324134904485,11385943
800.0,0.2666658543624743,11085586
801.0,0.205555309926096,10574228
802.0,0.1555552135440852,12019991
803.0,0.1944437045969508,9770102
804.0,0.3555535565524734,11144603
805.0,0.2111101880400237,10521236
806.0,0.1888885375005919,11435242
807.0,0.1944440395287753,12927872
808.0,0.3055554732372135,11315946
809.0,0.2833326836373231,10804102
810.0,3005.6460666836847,2043
811.0,0.1555549114406918,12165021
812.0,0.1944442249709267,16176517
813.0,0.2333320040318323,12720896
814.0,0.1388887583319128,12171983
815.0,0.1611109526611743,11356281
816.0,0.1777775432615439,11623367
817.0,0.255554706869732,12782647
818.0,0.1722217786899077,12411811
819.0,0.2333322800416065,10787669
820.0,0.2777776805710216,11302924
821.0,0.2166662846599327,11713749
822.0,0.183332341202869,10019080
823.0,0.1333327201909677,12682591
824.0,0.3499989383948867,11541504
825.0,0.1611104811861357,10824618
826.0,0.188888088720118,11230022
827.0,0.1499993631918701,11829032
828.0,3364.6116305930395,1310
829.0,0.183332823788268,11730778
830.0,0.3944442256330843,10782850
831.0,0.2999991078593197,13383522
832.0,0.1888881096278444,11526313
833.0,0.1666656994759831,10080550
834.0,3426.976879167324,1477
835.0,0.2277770651949453,10115855
836.0,0.2166655167228625,10299052
837.0,0.1833332086117515,10213412
838.0,0.3388878764839504,11427834
839.0,0.2111099712204758,9057713
840.0,0.2555543065665364,14297609
841.0,0.3055544588425166,13771823
842.0,0.1055552118015207,11914812
843.0,3143.4850311912,1667
844.0,0.1444442702855803,11598727
845.0,0.188888228787492,12208187
846.0,0.1555551264904427,12876707
847.0,0.1833323230948261,11914751
848.0,0.1833332107098968,10717984
849.0,0.2055549621400773,10453040
850.0,0.3277762186428176,10535350
851.0,0.2222219070967431,10784871
852.0,0.1444440102040215,11497511
853.0,0.3222212069354213,16372666
854.0,0.277776627432233,12393136
855.0,0.1999989586565331,12020617
856.0,0.1222217798472801,12564164
857.0,0.1944433024281579,11956923
858.0,3093.5551237757786,2116
859.0,0.1388881746008957,11654761
860.0,0.1944439598004363,11354555
861.0,0.188888361154746,12443879
862.0,0.2555549172688164,11204520
863.0,0.1999992639671531,9952156
864.0,0.2111110522240288,10898638
865.0,0.1999995070012152,11158780
866.0,3359.7690457474782,1299
867.0,0.2888880302125522,11612374
868.0,0.1833326983381253,11342308
869.0,0.1499998536201428,12035540
870.0,0.1888882008971972,15562724
871.0,0.2166660401455153,12581276
872.0,0.1666664684900504,12390058
873.0,0.1833333124506505,11879772
874.0,0.2222217484627384,11338062
875.0,0.2499995764854396,17497692
876.0,3340.2298075648723,1472
877.0,0.2611110715020122,10941700
878.0,0.1999994219472262,12003772
879.0,0.2722213885048991,19168536
880.0,0.3111101060267038,12345091
881.0,0.2333332216639423,10915044
882.0,0.2055545303477675,12152533
883.0,0.216665670069584,9505056
884.0,0.1944436228985328,11063347
885.0,0.3666657195344835,9490202
886.0,0.2166666189951956,11091547
887.0,0.1888884219010928,11162269
888.0,0.2611102445572894,10245783
889.0,0.244444217998111,9578883
890.0,0.2611099604111204,10446046
891.0,0.1833324161436626,16000617
892.0,0.2277775729196904,11251606
893.0,0.2555545433735769,11571316
894.0,0.2333325991821247,9997852
895.0,0.2833320063242707,13287868
896.0,0.2388875597158523,13920465
897.0,0.2611099587777398,10145823
898.0,0.244444078324252,11329273
899.0,0.1833327354363943,11599280
900.0,0.1888880922344711,12085081
901.0,3114.0377396186605,1617
902.0,0.1999993752641737,10729841
903.0,0.155554709330159,11609230
904.0,3042.605480116534,1740
905.0,0.1555550919365669,12277935
906.0,0.1722213911191033,11296254
907.0,0.1555548537741537,11944299
908.0,0.1944436644606905,14104326
909.0,0.133333128941054,10459032
910.0,0.2277771572900236,12387925
911.0,3068.956942734443,1410
912.0,0.161110991503206,11675360
913.0,0.1999996494761698,12589183
914.0,0.1722214490847362,11320659
915.0,0.1888878748233453,11717536
916.0,0.4166642446344494,12075392
917.0,0.2166662412557426,11804804
918.0,0.1888885872117781,12607330
919.0,0.1499992687677313,12079983
920.0,2979.08845389968,1821
921.0,0.1777772845574177,11451683
922.0,0.3722217130311904,10193610
923.0,0.2166664267543397,13959066
924.0,0.2055551549034352,11540568
925.0,0.1777773756315269,11571717
926.0,0.3888877991863868,12265635
927.0,0.2499996234839004,12119109
928.0,0.1888880267672065,12677541
929.0,0.3833318828800252,10761637
930.0,0.2055548236650442,12662678
931.0,0.16111025863556,12248278
932.0,0.205555036916216,12055726
933.0,3455.4542502894847,1244
934.0,0.2222212990149465,11740982
935.0,0.1611106035769074,11177380
936.0,0.1944440181745456,11374940
937.0,0.1833331728974552,10277277
938.0,0.199999167981239,10588458
939.0,0.2277767290797974,11970593
940.0,0.177777214296107,10191853
941.0,0.2055551162294575,11770193
942.0,0.1555551760087038,11955063
943.0,0.183333179351796,10275670
944.0,0.2222219404620856,12913342
945.0,2585.4073150150043,5608
946.0,0.244444019712096,10263754
947.0,0.3722216312128519,11168710
948.0,0.2611105380329553,12304117
949.0,2167.064709402401,7317
950.0,0.2055543505023115,10149510
951.0,0.1999999237533624,10877170
952.0,0.3999983837243087,10976348
953.0,0.1999997418658887,11862449
954.0,0.322220790584509,12315378
955.0,0.2388882628529986,11851323
956.0,0.2333325996215664,11414501
957.0,0.244443993480585,12534625
958.0,0.333332409389598,12931519
959.0,0.2111106363338455,10628962
960.0,0.1555551875050683,12325099
961.0,2791.4008420736327,2015
962.0,0.2222214549606738,12525841
963.0,0.1777767438193468,10457885
964.0,0.2444435805156459,12507761
965.0,2241.2431794612075,6550
966.0,0.4833326670511962,11962948
967.0,0.18333270593011,11253501
968.0,0.2111099961923078,12207474
969.0,0.1611107277436591,12670567
970.0,0.2611097078205047,15863982
971.0,0.2999992656884641,9492215
972.0,2660.77584873007,2570
973.0,0.1944441348645361,11847844
974.0,0.166665690989045,11752556
975.0,0.2277774517738308,11372904
976.0,0.3055555414524697,9446872
977.0,0.3277769604732107,11453005
978.0,0.2388888558027823,12485995
979.0,0.1611107681931064,10311522
980.0,3133.3193518057715,1859
981.0,0.2222219965705995,10872948
982.0,0.2055545808362887,11819724
983.0,0.1555555361370394,11199415
984.0,2969.6559766310666,1699
985.0,0.3444426055840145,11002010
986.0,0.2333324169228584,10865265
987.0,0.2333328614461395,11513739
988.0,0.3333323031661467,12861817
989.0,0.1444443387802007,12434985
990.0,0.2888873187702621,13913904
991.0,0.361109102804842,14645500
992.0,0.2166661157051973,17703683
993.0,0.2666651983221592,12603117
994.0,3041.235387294943,1847
995.0,0.1388886651477369,11836756
996.0,0.149999372418459,16386967
997.0,0.2277776623286696,19293708
998.0,0.1888880594279016,10529195
999.0,0.2722208449223697,9697154
,3655.0,959
,3812.0,1088
,3885.0,1052
,3727.0,1300
,3688.0,1097
,3746.0,1063
,3678.0,957
,3751.0,955
,3543.0,898
,3693.0,898
,3609.0,955
,3791.0,916
,3538.0,1033
,3639.0,999
,3637.0,898
,3669.0,1050
,3571.0,898
,3979.0,973
,3576.0,1131
,3592.0,1181
,3740.0,908
,3545.0,1065
,3848.0,1060
,3701.0,1121
,3661.0,898
,3618.0,1021
,3822.0,1218
,3733.0,1007
,3610.0,1033
,3889.0,898
,3762.0,1040
,3533.0,1006
,3862.0,906
,3881.0,1030
,3552.0,1208
,3852.0,995
,3686.0,1027
,3625.0,898
,3675.0,974
,3709.0,1064
,3533.0,1039
,3863.0,1085
,3896.0,986
,3664.0,898
,3833.0,1115
,3638.0,898
,3902.0,1019
,3756.0,980
,3744.0,1400
,3884.0,1048
,3533.0,1029
,3687.0,1032
,3566.0,940
,3709.0,1420
,3716.0,1198
,3672.0,919
,3751.0,1137
,3870.0,901
,3705.0,915
,3679.0,988
,3623.0,918
,4020.0,974
,3758.0,931
,3782.0,1327
,3655.0,915
,3688.0,1023
,3996.0,1025
,3700.0,1055
,3681.0,1003
,3675.0,1095
,3553.0,898
,3799.0,919
,3533.0,1053
,3644.0,898
,3863.0,898
,3533.0,1051
,3862.0,898
,3533.0,948
,3560.0,898
,4012.0,898
,3593.0,1019
,3726.0,964
,3761.0,1042
,3667.0,898
,3678.0,1044
,3992.0,975
,3781.0,1100
,3672.0,983
,3564.0,1018
,3937.0,929
,3843.0,1106
,3533.0,1068
,3961.0,898
,3684.0,905
,3858.0,978
,3605.0,926
,3575.0,985
,3533.0,898
,3924.0,1163
,3772.0,992
,3773.0,987
,3546.0,976
,3533.0,949
,3633.0,1024
,3600.0,1066
,3533.0,898
,3846.0,1146
,3616.0,1048
,3698.0,1062
,3550.0,1018
,3584.0,1040
,3571.0,898
,3658.0,914
,3811.0,957
,3665.0,1090
,3864.0,982
,3725.0,1027
,3533.0,1010
,3827.0,914
,3713.0,898
,3913.0,976
,3844.0,999
,3653.0,945
,3533.0,1036
,3862.0,915
,3592.0,1045
,3770.0,977
,3678.0,899
,3928.0,937
,3857.0,1052
,3665.0,1003
,3533.0,916
,3948.0,960
,3700.0,979
,3734.0,1032
,3534.0,1137
,3558.0,1270
,3708.0,1153
,3727.0,1064
,3956.0,1072
,3793.0,937
,3559.0,1055
,3614.0,1051
,3601.0,898
,3533.0,967
,3882.0,898
,3766.0,936
,3820.0,1013
,4020.0,1356
,3547.0,1450
,3533.0,1011
,3703.0,1184
,3652.0,1034
,3731.0,898
,3682.0,924
,3940.0,966
,3746.0,1150
,3650.0,898
,3930.0,1167
,3643.0,929
,3757.0,934
,3573.0,1003
,3934.0,1145
,3894.0,938
,3533.0,1125
,3774.0,1091
,3599.0,948
,3619.0,901
,3771.0,995
,3585.0,1009
,3720.0,979
,3607.0,946
,3648.0,1020
,3920.0,978
,3590.0,898
,3569.0,1160
,3737.0,953
,3829.0,970
,3623.0,930
,3773.0,1052
,3552.0,959
,3533.0,1040
,3533.0,1031
,3540.0,898
,3807.0,1135
,3795.0,1244
,4046.0,991
,3643.0,915
,3533.0,1005
,3628.0,1448
,3887.0,966
,3831.0,966
,3807.0,977
,3635.0,1099
,3596.0,1037
,3863.0,973
,3903.0,1076
,3628.0,1167
,3762.0,1039
,3800.0,898
,3736.0,952
,3712.0,898
,3604.0,1042
,3533.0,989
,3824.0,1049
,4050.0,948
,4109.0,998
,3678.0,1043
,3533.0,975
,3693.0,1213
,3737.0,946
,3672.0,1177
,3992.0,1139
,3595.0,898
,3676.0,898
,3721.0,1003
,3974.0,1066
,3678.0,917
,4013.0,1049
,3533.0,1094
,3633.0,1010
,3698.0,1390
,3968.0,1141
,3605.0,1174
,3555.0,1373
,3876.0,1057
,3833.0,1031
,3998.0,905
,4014.0,898
,3793.0,1236
,3847.0,915
,3579.0,984
,3840.0,987
,3823.0,994
,3789.0,993
,3533.0,938
,3562.0,938
,3886.0,898
,3575.0,898
,3935.0,1003
,3713.0,982
,3635.0,994
,3883.0,1027
,3823.0,898
,3533.0,951
,4058.0,1151
,3782.0,1005
,3751.0,977
,3538.0,947
,3574.0,1009
,3831.0,1033
,3540.0,1245
,3917.0,951
,3735.0,1010
,3854.0,1070
,3780.0,1126
,3571.0,903
,3816.0,914
,3533.0,949
,3603.0,1063
,3855.0,898
,3554.0,1072
,3533.0,984
,3875.0,898
,3533.0,991
,4145.0,944
,3535.0,898
,3799.0,1287
,3702.0,1035
,3583.0,1121
,3817.0,1537
,3686.0,1085
,3740.0,900
,3819.0,1428
,3961.0,1063
,3920.0,898
,3612.0,1088
,3772.0,1142
,3648.0,1174
,3754.0,1337
,3729.0,1088
,3732.0,1396
,3668.0,1056
,3933.0,1225
,3592.0,996
,3533.0,1007
,3969.0,973
,3680.0,898
,3800.0,898
,3597.0,929
,3997.0,1141
,3982.0,1115
,3777.0,968
,3665.0,1077
,3788.0,1039
,3580.0,1376
,3706.0,995
,3900.0,1169
,3618.0,898
,3646.0,1165
,3585.0,1065
,3533.0,975
,3735.0,908
,3836.0,980
,3827.0,1036
,3533.0,898
,3651.0,1025
,3857.0,908
,3708.0,935
,3868.0,1124
,3659.0,1017
,3537.0,898
,3776.0,954
,3709.0,988
,3661.0,1043
,3803.0,984
,3666.0,1386
,3746.0,1125
,3715.0,909
,3719.0,1451
,3533.0,954
,4012.0,1075
,3533.0,1090
,3706.0,1081
,3793.0,1038
,3761.0,1263
,3707.0,928
,4046.0,978
,3658.0,971
,3679.0,1003
,3883.0,1283
,3710.0,1148
,3728.0,974
,3651.0,898
,3785.0,1049
,3669.0,990
,3625.0,1084
,3599.0,1092
,3619.0,941
,3533.0,1045
,3703.0,1173
,3547.0,898
,3856.0,898
,3896.0,1110
,3735.0,1179
,3646.0,1063
,3945.0,965
,3685.0,902
,3709.0,898
,3714.0,984
,3881.0,999
,3608.0,1143
,3638.0,903
,3635.0,986
,3709.0,930
,3695.0,1192
,3746.0,1016
,3611.0,931
,3745.0,972
,3763.0,1083
,3594.0,942
,3533.0,1151
,3657.0,926
,3810.0,1020
,3943.0,954
,3701.0,948
,3558.0,1115
,3933.0,993
,3884.0,1173
,3691.0,1199
,3608.0,1046
,3533.0,1039
,3732.0,916
,3583.0,1003
,3922.0,1046
,3973.0,914
,3953.0,1224
,3959.0,1151
,3795.0,1240
,3533.0,947
,3602.0,898
,3684.0,963
,3720.0,1190
,3904.0,1104
,4065.0,937
,3568.0,898
,3578.0,1005
,3536.0,1118
,3610.0,963
,3533.0,900
,3674.0,1126
,3655.0,1209
,3533.0,912
,3533.0,1038
,3622.0,1016
,3946.0,1071
,3556.0,934
,3904.0,998
,3839.0,919
,3534.0,1032
,3672.0,1115
,3942.0,1089
,3967.0,940
,3631.0,941
,3533.0,1252
,3533.0,1027
,3738.0,990
,3749.0,941
,3670.0,1197
,3619.0,898
,3533.0,978
,3745.0,910
,3617.0,1257
,3602.0,1440
,3705.0,935
,3625.0,1138
,3843.0,1072
,3716.0,1009
,3837.0,1251
,3550.0,1151
,3533.0,1060
,3886.0,929
,3597.0,964
,3533.0,962
,3724.0,957
,3570.0,898
,3583.0,1079
,3533.0,984
,3839.0,1194
,3578.0,971
,3717.0,1104
,3687.0,898
,3587.0,1005
,3828.0,1355
,3654.0,1126
,3568.0,1435
,3606.0,1051
,3575.0,1096
,3533.0,1139
,3805.0,955
,3533.0,898
,3611.0,998
,3562.0,933
,3715.0,973
,3704.0,950
,3603.0,1206
,3680.0,988
,3533.0,930
,3704.0,1083
,3757.0,1186
,3561.0,1431
,3689.0,982
,3575.0,898
,3639.0,1077
,3569.0,898
,3533.0,1010
,3886.0,981
,3852.0,1099
,3618.0,1135
,3705.0,898
,3681.0,954
,3820.0,1122
,3741.0,898
,3799.0,1533
,3533.0,1029
,3558.0,1107
,3931.0,985
,3599.0,934
,3581.0,933
,3565.0,1131
,3659.0,1173
,3870.0,898
,3831.0,899
,3534.0,949
,3757.0,1005
,3648.0,1114
,3533.0,898
,3708.0,1023
,3600.0,969
,3533.0,1002
,3869.0,992
,3818.0,1133
,3949.0,1081
,4005.0,1037
,3887.0,918
,3635.0,1143
,3658.0,964
,3583.0,1018
,3746.0,993
,3712.0,994
,3894.0,1064
,3533.0,913
,3556.0,1121
,3533.0,898
,3675.0,925
,3533.0,1010
,3543.0,898
,3684.0,1020
,3533.0,1188
,3533.0,898
,3666.0,1074
,3875.0,1143
,3765.0,1410
,3837.0,1095
,3533.0,898
,3660.0,990
,3818.0,910
,3606.0,898
,3533.0,898
,3871.0,940
,3642.0,942
,3701.0,1031
,3533.0,898
,3810.0,1065
,3829.0,1079
,4153.0,1002
,3923.0,1236
,3931.0,1266
,3605.0,898
,3607.0,1045
,3649.0,1128
,3634.0,898
,3782.0,1118
,3825.0,898
,4039.0,964
,3533.0,1046
,3900.0,1016
,3777.0,1044
,3846.0,1163
,3788.0,1032
,3893.0,1199
,3551.0,966
,3692.0,898
,3533.0,1050
,3533.0,1231
,3560.0,1184
,3663.0,1170
,3533.0,941
,3995.0,1043
,3557.0,1264
,3795.0,1173
,3551.0,1184
,3869.0,1137
,3611.0,949
,3614.0,948
,3813.0,1251
,3745.0,1073
,3533.0,1123
,3716.0,988
,4041.0,1345
,3979.0,980
,3882.0,1096
,3747.0,898
,3877.0,1501
,3631.0,898
,3562.0,983
,3592.0,1265
,3733.0,1035
,3579.0,1067
,3824.0,1023
,3600.0,898
,3533.0,898
,3975.0,954
,3663.0,1105
,3657.0,985
,3757.0,1092
,3778.0,1010
,3699.0,1174
,3949.0,1102
,3876.0,1014
,3832.0,898
,3533.0,905
,3660.0,1110
,3533.0,920
,3533.0,898
,3683.0,1138
,3533.0,968
,3917.0,959
,3599.0,1012
,3800.0,993
,3760.0,898
,3660.0,1037
,3591.0,1080
,3541.0,1052
,3732.0,898
,3533.0,922
,3952.0,945
,3742.0,1022
,3771.0,1063
,3533.0,1345
,3808.0,1286
,3789.0,898
,3693.0,932
,3704.0,983
,3847.0,979
,3676.0,980
,3794.0,945
,3695.0,1088
,3816.0,928
,3587.0,923
,3814.0,944
,4085.0,1238
,3677.0,1111
,3570.0,1092
,3697.0,1001
,3695.0,933
,3660.0,911
,3692.0,1314
,3698.0,1005
,3622.0,1002
,3533.0,1116
,3839.0,1034
,3850.0,932
,3632.0,1207
,3533.0,1028
,4046.0,1154
,3702.0,898
,3560.0,898
,3763.0,1082
,3836.0,1073
,4002.0,898
,3573.0,1046
,3809.0,1066
,3749.0,1049
,3584.0,987
,3684.0,898
,3670.0,944
,4046.0,898
,3848.0,1213
,3565.0,898
,3633.0,1228
,3535.0,1135
,3533.0,906
,3833.0,1064
,3533.0,1035
,3779.0,1124
,3588.0,1043
,3610.0,1112
,3801.0,917
,3778.0,984
,3787.0,994
,3757.0,898
,3630.0,1079
,3975.0,1051
,3615.0,932
,3558.0,939
,3984.0,963
,3638.0,930
,3712.0,955
,3697.0,1007
,3670.0,898
,3983.0,1325
,3617.0,1290
,3765.0,982
,3570.0,1093
,3536.0,1016
,3533.0,981
,3537.0,1283
,3755.0,1014
,3560.0,945
,3533.0,1069
,4068.0,1040
,3914.0,1006
,3533.0,898
,3874.0,1080
,3635.0,1030
,3784.0,939
,3564.0,1131
,3533.0,1016
,3704.0,898
,3879.0,972
,3714.0,1307
,3771.0,916
,3676.0,928
,3930.0,1082
,3557.0,965
,3638.0,1045
,3788.0,986
,3559.0,1032
,3638.0,1037
,3596.0,1297
,3809.0,935
,3891.0,1020
,3797.0,1211
,3821.0,950
,3706.0,981
,3599.0,912
,3912.0,944
,3583.0,1326
,3993.0,934
,3533.0,1041
,3533.0,1037
,4124.0,1056
,3944.0,1071
,3643.0,1064
,3533.0,924
,3596.0,898
,3746.0,898
,3629.0,904
,3602.0,931
,3996.0,1013
,3533.0,1030
,3780.0,1112
,3684.0,1092
,3880.0,1602
,3915.0,1002
,3688.0,1120
,3921.0,1110
,3756.0,898
,3533.0,1113
,3751.0,964
,3533.0,1039
,3814.0,1101
,3779.0,903
,3847.0,898
,3858.0,1073
,3771.0,925
,3631.0,978
,3614.0,1053
,3613.0,951
,3764.0,944
,3533.0,1002
,3573.0,915
,3797.0,1013
,3914.0,1022
,3705.0,1069
,3829.0,1118
,3876.0,967
,3827.0,965
,3779.0,938
,3806.0,898
,3975.0,1031
,3740.0,955
,3853.0,1102
,3660.0,1202
,3567.0,988
,3734.0,1004
,4002.0,1178
,3593.0,991
,3665.0,1039
,3597.0,929
,3786.0,906
,3780.0,1076
,3738.0,988
,3561.0,1065
,4065.0,1030
,3563.0,1017
,3730.0,898
,3621.0,1043
,3818.0,1019
,3565.0,1228
,3767.0,925
,3799.0,1197
,4051.0,1100
,3981.0,1058
,3552.0,898
,3908.0,968
,3827.0,1169
,3813.0,1009
,3608.0,898
,3931.0,935
,3853.0,1050
,3748.0,982
,3591.0,898
,3610.0,1373
,3681.0,1008
,3533.0,898
,3540.0,1014
,3775.0,980
,3550.0,1023
,3961.0,964
,3833.0,930
,4033.0,898
,3618.0,938
,3736.0,1018
,3577.0,1024
,3533.0,916
,3598.0,1112
,3675.0,916
,3571.0,1054
,3940.0,1044
,3658.0,1248
,3625.0,1033
,3767.0,1167
,3708.0,908
,3969.0,942
,3838.0,1071
,3854.0,986
,3808.0,1054
,3564.0,936
,3733.0,1062
,3749.0,1169
,3564.0,985
,3651.0,906
,3533.0,1103
,3619.0,1026
,3740.0,1082
,3884.0,1196
,3712.0,1434
,3993.0,1114
,3547.0,924
,3920.0,1259
,3746.0,930
,3891.0,932
,3753.0,969
,3750.0,925
,3584.0,1127
,3543.0,920
,3724.0,1090
,3697.0,1006
,4016.0,1117
,3841.0,929
,4044.0,929
,4000.0,898
,3584.0,898
,4037.0,970
,3606.0,949
,3838.0,1045
,3917.0,936
,3609.0,898
,3800.0,982
,3748.0,1107
,3664.0,1122
,3698.0,980
,3837.0,898
,4055.0,985
,3622.0,1602
,3615.0,898
,3586.0,1097
,3874.0,1032
,3682.0,919
,3541.0,1290
,3688.0,978
,3815.0,1003
,3768.0,991
,3533.0,898
,3821.0,1157
,3955.0,1098
,3533.0,910
,3692.0,1068
,3858.0,898
,3848.0,1043
,3685.0,1078
,3827.0,1237
,3702.0,898
,3930.0,898
,4053.0,1066
,3608.0,1150
,3907.0,985
,3644.0,959
,3821.0,990
,3695.0,1123
,3868.0,1139
,3576.0,1003
,3816.0,1028
,3831.0,1056
,3754.0,975
,3558.0,934
,3686.0,898
,3533.0,898
,3533.0,1154
,3588.0,972
,3593.0,898
,3751.0,1133
,3719.0,1000
,3898.0,1034
,3964.0,999
,3933.0,1013
,3804.0,1150
,3803.0,1390
,3556.0,1199
,3672.0,915
,3611.0,1088
,3591.0,1007
,3688.0,913
,3628.0,898
,3849.0,1042
,3684.0,1313
,3852.0,1186
,3922.0,1074
,3810.0,1065
,3909.0,981
,3533.0,924
,3759.0,898
,3659.0,898
,3562.0,1081
,3629.0,1312
,3934.0,970
,3711.0,955
,3779.0,1033
,3874.0,1209
,3961.0,1112
,3637.0,1192
,3533.0,983
,3746.0,1015
,3788.0,1093
,3649.0,1002
,3815.0,1061
,3616.0,898
,3598.0,977
,3690.0,1037
,3557.0,1203
,3830.0,1538
,3721.0,1056
,3671.0,1054
,3587.0,910
,3784.0,898
,3727.0,1016
,3543.0,1288
,3758.0,898
,3655.0,898
,3799.0,1054
,3616.0,1182
,3536.0,1290
,3825.0,974
,3718.0,1110
,3835.0,1025
,3734.0,1449
,3742.0,939
,3623.0,1269
,3631.0,910
,3990.0,1099
,3619.0,1067
,4054.0,1429
,3722.0,898
,3761.0,1044
,3881.0,898
,3765.0,898
,3843.0,1022
,3551.0,1103
,3643.0,1166
,3548.0,1269
,3578.0,964
,3760.0,967
,3649.0,917
,3533.0,898
,3585.0,1267
,3655.0,1023
,3826.0,1331
,3843.0,1070
,3971.0,1292
,3716.0,1048
,3793.0,1076
,3681.0,1019
,3533.0,1137
,3812.0,1132
,3925.0,914
,3854.0,927
,3898.0,1361
,3599.0,943
,3887.0,964
,3642.0,898
,3537.0,898
,3547.0,898
,3792.0,1044
,3861.0,1021
,3533.0,1072
,3856.0,1262
,3906.0,1011
,3533.0,993
,3611.0,898
,3925.0,988
,3578.0,1272
,3673.0,938
,3606.0,1048
,3616.0,977
,3755.0,1128
,3661.0,898
,3983.0,1087
,3628.0,919
,3878.0,898
,3533.0,898
,3699.0,898
,3676.0,1112
,3734.0,1043
,3775.0,898
,3947.0,1082
,3790.0,972
,3599.0,987
,3744.0,1356
,3832.0,1474
,3581.0,1080
,3680.0,1040
,3651.0,944
,3695.0,1031
,3797.0,1075
,3734.0,985
,3599.0,1056
,3748.0,988
,3614.0,1176
,3705.0,1320
,3533.0,898
,3533.0,1004
,3675.0,1250
,3571.0,1069
,3626.0,1179
,3533.0,975
,3533.0,943
,3875.0,1000
,3775.0,1005
,3864.0,993
,3989.0,1047
,3633.0,1158
,3782.0,898
,3562.0,1039
,3830.0,1089
,3558.0,950
,3908.0,1048
,3624.0,924
,3946.0,1128
,3951.0,1082
,3765.0,1042
,3637.0,1081
,3978.0,962
,3946.0,898
,3658.0,936
,3746.0,1082
,3935.0,1161
,3889.0,1035
,3560.0,1140
,3533.0,1243
,3682.0,898
,3932.0,940
,3794.0,914
,3808.0,1258
,3666.0,1076
,4115.0,992
,3844.0,914
,3823.0,915
,3656.0,991
,3604.0,1066
,3963.0,979
,3533.0,1033
,3547.0,1105
,3691.0,1019
,3775.0,971
,3678.0,1085
,3620.0,966
,3714.0,964
,3635.0,989
,3548.0,1178
,3978.0,1061
,3875.0,958
,3854.0,1163
,3689.0,946
,3537.0,898
,3533.0,898
,3636.0,1087
,3553.0,1389
,3710.0,924
,3538.0,898
,3563.0,1122
,3541.0,1442
,3897.0,1559
,3910.0,1051
,3560.0,898
,3786.0,1133
,3752.0,1140
,3885.0,1204
,3582.0,1243
,3546.0,1039
,3694.0,948
,3833.0,1083
,3633.0,898
,3638.0,1065
,3675.0,1134
,3681.0,898
,3910.0,898
,3533.0,938
,3786.0,1163
,3695.0,1199
,3745.0,1016
,3847.0,898
,3533.0,899
,3628.0,939
,3533.0,999
,3827.0,1178
,3678.0,939
,4082.0,990
,3533.0,1014
,3663.0,1003
,3787.0,912
,3660.0,1268
,3793.0,1007
,4004.0,1237
,3652.0,1018
,3605.0,1012
,3533.0,1081
,3751.0,930
,3533.0,1505
,3714.0,1022
,3606.0,1125
,3701.0,930
,3545.0,1416
,3759.0,1051
,3609.0,1176
,3533.0,1055
,3553.0,1099
,3753.0,1126
,3545.0,927
,3661.0,1272
,3932.0,912
,3743.0,898
,3533.0,969
,4044.0,1067
,3617.0,1122
,3963.0,1332
,3724.0,1096
,3742.0,1006
,3839.0,925
,3947.0,970
,3533.0,1032
,3752.0,951
,3910.0,964
,3727.0,1413
,3932.0,1033
,3839.0,995
,3762.0,908
,3751.0,916
,3641.0,947
,3533.0,1105
,3631.0,1018
,3812.0,937
,4036.0,901
,3557.0,898
,3910.0,1087
,3651.0,1085
,3629.0,1104
,3908.0,1021
,3990.0,898
,3533.0,1005
,3915.0,984
,4005.0,1002
,3582.0,1000
,3709.0,898
,3741.0,1034
,3576.0,935
,3533.0,898
,3602.0,1189
,3876.0,1539
,3533.0,1114
,3602.0,898
,3635.0,1112
,3967.0,898
,3786.0,1375
,3785.0,1065
,3624.0,1121
,3828.0,930
,3633.0,1048
,3669.0,898
,3676.0,1080
,4008.0,1160
,3922.0,1046
,3885.0,1167
,3694.0,991
,3791.0,1213
,3618.0,1003
,3698.0,1035
,3746.0,898
,3687.0,1203
,3671.0,1111
,3664.0,1075
,3630.0,1004
,3533.0,999
,3544.0,1303
,3701.0,921
,3941.0,1504
,3756.0,1049
,3653.0,1203
,3644.0,1098
,3811.0,1002
,3726.0,943
,3974.0,1002
,3728.0,1043
,3536.0,932
,3592.0,1051
,3877.0,925
,3734.0,954
,3790.0,930
,3573.0,1133
,3634.0,980
,3605.0,1063
,3781.0,898
,3953.0,1199
,3896.0,1087
,3682.0,1225
,3542.0,1172
,3966.0,1314
,3926.0,898
,3782.0,1112
,3617.0,911
,3902.0,961
,3845.0,1024
,3533.0,983
,3533.0,898
,3613.0,906
,3548.0,1102
,3799.0,898
,3533.0,1203
,3594.0,962
,3575.0,1032
,3622.0,1071
,3764.0,1076
,3841.0,1009
,3564.0,1089
,3651.0,1013
,3576.0,1167
,3866.0,1055
,3561.0,1023
,3675.0,1039
,3650.0,1224
,3562.0,1123
,3600.0,1004
,3893.0,996
,3694.0,1101
,3725.0,898
,3549.0,957
,3707.0,1051
,3543.0,976
,3533.0,900
,3823.0,927
,3634.0,1004
,3647.0,1286
,3892.0,1319
,3890.0,973
,3533.0,960
,3545.0,1260
,3739.0,1073
,3698.0,974
,3894.0,1003
,3902.0,1066
,3664.0,898
,4001.0,1033
,3873.0,898
,3793.0,967
,3683.0,975
,3781.0,1043
,3533.0,919
,3914.0,969
,3641.0,1017
,3688.0,1043
,3818.0,1075
,3764.0,1018
,3647.0,934
,3547.0,1143
,3949.0,1142
,3672.0,1255
,3655.0,898
,3809.0,1023
,3533.0,1138
,3837.0,1337
,3694.0,1029
,3544.0,898
,3846.0,961
,3572.0,1097
,3533.0,1365
,3907.0,1045
,3894.0,1031
,3679.0,1035
,3933.0,935
,3807.0,1228
,3906.0,1058
,3640.0,1020
,3825.0,1054
,3533.0,946
,3873.0,1355
,3929.0,1039
,3898.0,1063
,3959.0,1095
,3533.0,960
,3533.0,950
,3540.0,1041
,3724.0,1476
,3783.0,1052
,3591.0,1560
,3596.0,1183
,3601.0,1086
,3533.0,1359
,3636.0,927
,4163.0,1290
,3557.0,946
,3533.0,927
,3735.0,1392
,3665.0,898
,3890.0,949
,3970.0,972
,3533.0,1085
,3680.0,928
,3722.0,1113
,3700.0,1037
,3545.0,977
,3646.0,898
,3559.0,1091
,3658.0,898
,4049.0,1034
,3813.0,1090
,3845.0,1040
,3589.0,1018
,3548.0,967
,3809.0,1037
,3553.0,910
,3682.0,1026
,3670.0,917
,4042.0,994
,3868.0,1448
,3568.0,898
,3671.0,1172
,3756.0,1204
,3533.0,1145
,3608.0,1210
,3604.0,954
,3644.0,1069
,3607.0,1138
,3533.0,1122
,3533.0,968
,3533.0,1004
,3587.0,1243
,3683.0,1341
,3641.0,1151
,3834.0,940
,3615.0,1125
,3949.0,898
,3672.0,1120
,3757.0,898
,3533.0,898
,3646.0,1068
,3533.0,996
,3958.0,1247
,3675.0,1189
,3798.0,1029
,3766.0,898
,3682.0,1044
,3883.0,1036
,3533.0,1036
,3687.0,1156
,3731.0,1023
,3533.0,898
,3704.0,1010
,3869.0,898
,3533.0,1010
,3663.0,1211
,3785.0,1022
,3898.0,938
,3842.0,1199
,3798.0,898
,3574.0,1092
,3637.0,1064
,3607.0,898
,3656.0,1161
,3702.0,1144
,3603.0,967
,4114.0,1131
,3715.0,919
,3782.0,1191
,3544.0,1087
,3859.0,898
,3849.0,963
,3939.0,948
,3786.0,939
,3593.0,901
,3533.0,1054
,4131.0,1064
,3612.0,916
,3672.0,1224
,3894.0,1036
,3653.0,986
,3769.0,898
,3544.0,921
,3543.0,966
,3580.0,957
,3554.0,1043
,3822.0,914
,3642.0,1028
,3795.0,1064
,3708.0,936
,3703.0,1077
,3680.0,1602
,3982.0,1104
,3891.0,1051
,3533.0,987
,3872.0,1064
,3760.0,898
,3558.0,1077
,3721.0,1124
,3533.0,984
,3762.0,1026
,3538.0,1387
,3791.0,898
,3949.0,1003
,3778.0,987
,3654.0,1071
,3613.0,1370
,3775.0,965
,3533.0,948
,3850.0,946
,3533.0,1082
,3533.0,1019
,3711.0,991
,3751.0,1002
,3748.0,920
,3719.0,1356
,3814.0,1106
,3712.0,898
,3748.0,1047
,3671.0,1075
,3647.0,1030
,3568.0,1161
,3676.0,898
,3607.0,898
,3587.0,975
,3676.0,962
,3667.0,930
,3951.0,898
,3533.0,898
,4120.0,963
,3912.0,942
,3699.0,1010
,3662.0,1126
,3874.0,1073
,3808.0,938
,3688.0,1008
,3838.0,910
,3731.0,969
,3845.0,1025
,3765.0,976
,3780.0,898
,3738.0,1072
,3730.0,921
,3868.0,1002
,3997.0,1133
,3963.0,1094
,3774.0,926
,3814.0,1020
,3533.0,1002
,3640.0,954
,3533.0,939
,4060.0,958
,3752.0,974
,3533.0,1018
,3580.0,1030
,3840.0,898
,3580.0,900
,3636.0,898
,3533.0,985
,3714.0,1239
,3587.0,898
,3888.0,898
,3635.0,1054
,3732.0,1052
,4117.0,913
,3593.0,965
,3928.0,1142
,3558.0,1108
,3630.0,898
,3602.0,978
,3653.0,927
,3572.0,1089
,3656.0,1332
,3533.0,898
,3633.0,1109
,3862.0,987
,3703.0,918
,3834.0,1004
,3651.0,1094
,3722.0,898
,3727.0,1069
,3761.0,898
,3772.0,1052
,3711.0,1035
,3923.0,988
,3534.0,1043
,3754.0,907
,3846.0,977
,3533.0,1102
,3824.0,999
,3600.0,898
,3664.0,945
,3802.0,1002
,3968.0,898
,3933.0,1140
,3939.0,1212
,3793.0,898
,3659.0,956
,3735.0,1082
,3750.0,955
,3872.0,1168
,3614.0,964
,3619.0,1135
,3911.0,1032
,3678.0,1021
,3817.0,964
,3946.0,1032
,3651.0,956
,3784.0,1026
,3559.0,950
,3635.0,1027
,3731.0,910
,3705.0,1169
,3615.0,1027
,3793.0,928
,3976.0,1181
,3612.0,898
,3748.0,1006
,3640.0,962
,3809.0,1075
,3534.0,918
,3639.0,946
,3663.0,898
,3946.0,940
,3804.0,1055
,3655.0,1023
,3839.0,941
,3565.0,1353
,3822.0,1050
,3628.0,1204
,3893.0,910
,3728.0,967
,3748.0,1183
,3648.0,904
,3614.0,984
,3656.0,1455
,3591.0,974
,3556.0,965
,3755.0,955
,3610.0,978
,3762.0,988
,3554.0,1021
,3586.0,1024
,3736.0,1436
,3734.0,1333
,3652.0,976
,3553.0,898
,4016.0,952
,3988.0,1148
,3713.0,973
,4037.0,1167
,3537.0,938
,3533.0,958
,3826.0,998
,3533.0,1471
,3840.0,1143
,3630.0,898
,3699.0,1025
,3915.0,941
,3776.0,1018
,3725.0,984
,4059.0,1077
,3794.0,1196
,3601.0,1143
,3692.0,1050
,3655.0,1140
,3533.0,1106
,4008.0,1151
,3927.0,1018
,3943.0,898
,3533.0,1063
,4125.0,1030
,3694.0,1151
,3533.0,1138
,3704.0,1091
,3593.0,898
,3907.0,898
,3634.0,942
,3858.0,1036
,3656.0,1074
,3569.0,941
,3679.0,953
,3684.0,1150
,3778.0,998
,3884.0,968
,3811.0,1141
,3600.0,944
,3612.0,966
,3987.0,1016
,3675.0,1118
,3842.0,983
,4023.0,1015
,3818.0,1059
,3605.0,1110
,3764.0,1122
,3976.0,977
,3652.0,944
,3824.0,898
,3658.0,970
,3851.0,1012
,3749.0,935
,3669.0,1266
,3572.0,1386
,3788.0,1037
,3750.0,898
,3757.0,1065
,3533.0,951
,3700.0,1081
,3924.0,969
,3533.0,1103
,3877.0,1142
,3533.0,898
,3702.0,898
,3689.0,1169
,3533.0,1082
,3697.0,942
,3600.0,1010
,3572.0,1254
,3910.0,898
,3592.0,1000
,3651.0,1108
,3584.0,1389
,3610.0,898
,3629.0,930
,3865.0,1019
,3634.0,920
,3624.0,1456
,3650.0,898
,3739.0,1067
,3910.0,1170
,3533.0,1008
,4068.0,1248
,3935.0,1056
,3548.0,898
,3709.0,1215
,3775.0,898
,3975.0,1173
,3752.0,1019
,3629.0,1014
,4068.0,1041
,3533.0,1115
,3704.0,1101
,3842.0,1090
,3568.0,1073
,3621.0,1148
,3700.0,958
,3564.0,908
,3621.0,975
,3712.0,1346
,3928.0,1005
,3853.0,1165
,3635.0,1098
,3560.0,1086
,3785.0,1095
,3933.0,898
,3597.0,987
,3749.0,989
,3570.0,908
,3584.0,995
,3576.0,983
,3764.0,1077
,3702.0,898
,3931.0,1060
,3763.0,1050
,3594.0,898
,3822.0,1460
,3713.0,1308
,3907.0,905
,3845.0,898
,3644.0,1084
,3694.0,1049
,3615.0,984
,3752.0,961
,3894.0,898
,3791.0,1097
,3581.0,901
,3804.0,947
,3647.0,994
,3953.0,993
,4046.0,934
,3730.0,1107
,3594.0,1036
,3533.0,979
,3900.0,1317
,3762.0,940
,3569.0,1226
,3787.0,1364
,3652.0,898
,3694.0,952
,3826.0,940
,3574.0,1013
,3561.0,988
,3590.0,898
,3533.0,945
,3916.0,1023
,3676.0,954
,3610.0,1303
,3877.0,961
,3800.0,1074
,3649.0,916
,3584.0,1169
,3631.0,1025
,3533.0,969
,3721.0,1004
,3826.0,1208
,3980.0,1163
,3974.0,926
,3860.0,1115
,3648.0,940
,3592.0,934
,3814.0,1053
,3578.0,898
,3711.0,1053
,3610.0,1010
,3901.0,932
,3804.0,898
,3725.0,1076
,3761.0,971
,3743.0,1106
,3572.0,936
,3613.0,1172
,3883.0,1517
,3725.0,1156
,3774.0,1039
,3542.0,1239
,3584.0,936
,3808.0,939
,3556.0,960
,3588.0,898
,3903.0,904
,3741.0,1132
,3533.0,997
,3827.0,1020
,3834.0,1114
,3845.0,1125
,3746.0,1104
,3566.0,1142
,3930.0,1023
,3925.0,898
,3533.0,940
,3533.0,1025
,3713.0,978
,3695.0,1128
,3647.0,1068
,3745.0,941
,3533.0,898
,3680.0,1037
,3533.0,978
,3533.0,1089
,3718.0,1175
,3873.0,1169
,3627.0,1050
,3827.0,982
,3533.0,1061
,3692.0,1244
,3537.0,922
,3751.0,959
,3756.0,992
,3539.0,1154
,3789.0,1101
,3863.0,1201
,3959.0,998
,3533.0,898
,3734.0,1120
,3584.0,1008
,3613.0,1157
,3781.0,1205
,3908.0,997
,3910.0,1254
,3539.0,972
,3533.0,912
,3558.0,898
,3661.0,1061
,3932.0,898
,3638.0,1119
,3774.0,1010
,3533.0,915
,3580.0,1234
,4019.0,1324
,3533.0,1018
,3788.0,1031
,3545.0,1044
,3626.0,898
,3794.0,1121
,3556.0,1047
,3648.0,1321
,4121.0,934
,4006.0,898
,3903.0,898
,3746.0,952
,3810.0,1080
,3533.0,905
,4118.0,1002
,3616.0,972
,3557.0,995
,3969.0,1078
,3609.0,898
,3750.0,1342
,3559.0,898
,3544.0,1135
,3607.0,898
,3774.0,1042
,3581.0,1011
,3533.0,977
,3757.0,1092
,3655.0,1023
,3923.0,1375
,3851.0,970
,3857.0,965
,3727.0,1132
,3533.0,1011
,3916.0,898
,3547.0,965
,3718.0,1053
,3848.0,963
,3593.0,1036
,3725.0,1311
,3819.0,1007
,3609.0,898
,3672.0,1004
,3982.0,1197
,3589.0,924
,3896.0,993
,3611.0,904
,3568.0,1130
,3654.0,1019
,3847.0,898
,3598.0,948
,3727.0,898
,3975.0,962
,3862.0,1168
,3533.0,1333
,3533.0,898
,3738.0,1054
,3804.0,1018
,3588.0,1032
,3776.0,1034
,4138.0,1056
,4066.0,1016
,3648.0,1000
,3597.0,1063
,3971.0,998
,3706.0,1163
,3864.0,1087
,3798.0,1141
,3533.0,939
,3710.0,898
,3753.0,979
,3919.0,933
,3929.0,1253
,3533.0,1004
,3665.0,898
,3533.0,997
,3731.0,1173
,3876.0,935
,3897.0,948
,3582.0,1028
,3680.0,973
,3725.0,1123
,3603.0,1083
,3816.0,1023
,3570.0,898
,3842.0,1105
,3533.0,1043
,3865.0,904
,3632.0,1143
,3745.0,898
,3591.0,898
,3908.0,898
,3598.0,1208
,3558.0,1064
,3546.0,958
,3848.0,1057
,3723.0,928
,3844.0,1030
,3570.0,988
,3577.0,898
,3539.0,948
,3533.0,1038
,3533.0,1142
,3963.0,1052
,3594.0,1057
,3582.0,1216
,3756.0,1110
,3667.0,1011
,3659.0,925
,3533.0,1079
,3764.0,936
,3613.0,989
,3594.0,898
,3557.0,1032
,3533.0,1076
,3624.0,898
,3699.0,1203
,3609.0,898
,3630.0,918
,3646.0,955
,3533.0,1343
,3580.0,898
,3632.0,1151
,3584.0,1228
,3797.0,1035
,3579.0,1140
,3682.0,1058
,3535.0,1169
,3948.0,1068
,3587.0,1091
,3604.0,1316
,3961.0,1465
,4056.0,1124
,3533.0,1145
,3993.0,1047
,3555.0,1081
,3533.0,1355
,3736.0,1186
,3798.0,1128
,3732.0,1156
,3864.0,1092
,3710.0,982
,3556.0,928
,3954.0,978
,3633.0,951
,3691.0,1085
,3584.0,910
,3800.0,1182
,3533.0,1109
,3705.0,898
,3915.0,898
,3660.0,984
,3539.0,898
,3549.0,1120
,3591.0,898
,3902.0,933
,3777.0,1022
,3533.0,898
,3652.0,1124
,3709.0,898
,3546.0,932
,3777.0,1128
,3773.0,978
,3945.0,1203
,3688.0,1191
,3597.0,1069
,3543.0,1068
,3609.0,898
,3650.0,945
,3533.0,933
,3901.0,1078
,3877.0,1072
,3533.0,898
,3619.0,1082
,3772.0,932
,3618.0,916
,3879.0,1135
,3793.0,959
,3737.0,901
,3659.0,966
,3753.0,938
,3542.0,1027
,3588.0,903
,3724.0,898
,3795.0,1034
,3716.0,898
,3590.0,966
,3723.0,1122
,3669.0,908
,3651.0,1000
,3729.0,1192
,3700.0,1024
,3625.0,1033
,3982.0,898
,3727.0,1140
,3594.0,1073
,3746.0,1023
,3613.0,999
,3619.0,1071
,3619.0,1109
,3729.0,898
,3901.0,1023
,3565.0,1139
,3562.0,930
,3831.0,1205
,3822.0,982
,3702.0,938
,3603.0,1334
,3566.0,1089
,3839.0,990
,3533.0,983
,3653.0,898
,3627.0,1013
,3583.0,1203
,3533.0,943
,3819.0,1022
,3533.0,927
,3539.0,916
,3888.0,1071
,3620.0,924
,3763.0,1261
,3588.0,913
,3729.0,1139
,3622.0,1089
,3546.0,1095
,3727.0,898
,3589.0,987
,3837.0,1143
,3851.0,1082
,3748.0,1116
,3714.0,898
,3556.0,955
,3821.0,1168
,3613.0,945
,3600.0,1107
,3552.0,944
,3607.0,934
,3885.0,1000
,3778.0,922
,3724.0,898
,3854.0,1195
,3615.0,1122
,3713.0,1243
,3686.0,1167
,3603.0,964
,3809.0,910
,3650.0,935
,3634.0,898
,3903.0,1345
,3703.0,990
,3620.0,945
,3783.0,1140
,3941.0,1012
,3735.0,1063
,3562.0,898
,3724.0,1079
,3720.0,1155
,3574.0,956
,3696.0,1061
,3743.0,958
,3533.0,1057
,3785.0,1335
,3970.0,903
,3831.0,1082
,3889.0,937
,3792.0,930
,3635.0,924
,3689.0,1041
,3821.0,989
,3742.0,1075
,3656.0,1237
,4096.0,1108
,3816.0,1005
,3808.0,1065
,3647.0,1039
,3870.0,1064
,4000.0,1136
,3699.0,898
,3827.0,899
,3565.0,1066
,3533.0,898
,3783.0,1351
,3574.0,960
,3682.0,1002
,3881.0,1109
,3920.0,997
,3562.0,1102
,3712.0,924
,3661.0,954
,3709.0,942
,3678.0,898
,3576.0,968
,3588.0,915
,3664.0,1018
,3580.0,898
,3794.0,898
,3775.0,961
,3920.0,1299
,3699.0,1122
,3536.0,1132
,3884.0,1177
,3779.0,898
,3837.0,980
,3669.0,977
,3610.0,917
,3908.0,1049
,3533.0,1381
,3812.0,1009
,3664.0,1092
,3833.0,1130
,3628.0,1031
,3533.0,1019
,3764.0,898
,3602.0,1053
,3533.0,947
,3566.0,1027
,3533.0,1184
,3610.0,898
,3845.0,1254
,3545.0,1043
,3970.0,898
,3794.0,946
,3851.0,898
,3779.0,1306
,3576.0,1011
,3746.0,924
,3713.0,898
,3712.0,1439
,3752.0,1253
,3709.0,1205
,3871.0,1413
,3947.0,988
,3846.0,898
,3585.0,965
,3619.0,1041
,3964.0,1150
,3533.0,898
,3890.0,1048
,3758.0,923
,3606.0,939
,3533.0,1045
,3909.0,1111
,3604.0,1043
,3533.0,924
,3694.0,954
,3553.0,907
,3581.0,898
,3637.0,1017
,3630.0,945
,3898.0,988
,3665.0,1025
,3533.0,1107
,3609.0,1052
,3539.0,898
,4044.0,1097
,3871.0,898
,3874.0,1010
,3769.0,1055
,3620.0,946
,3694.0,1064
,3907.0,927
,3673.0,1148
,3653.0,973
,3760.0,1155
,3533.0,898
,4000.0,1179
,3842.0,1212
,3932.0,936
,3860.0,1084
,3713.0,1122
,3717.0,1019
,3985.0,1035
,3674.0,1008
,3699.0,918
,3892.0,926
,3747.0,1042
,3541.0,898
,3674.0,898
,3546.0,1021
,3753.0,898
,3767.0,898
,4036.0,1005
,3719.0,898
,3920.0,1057
,3550.0,898
,3846.0,1080
,3533.0,898
,3829.0,898
,3756.0,1073
,3604.0,1040
,3533.0,898
,3633.0,904
,3533.0,984
,3716.0,955
,3548.0,1280
,3931.0,938
,3630.0,1126
,3533.0,991
,3623.0,1100
,3604.0,1069
,3815.0,1132
,3667.0,1165
,3549.0,1040
,3700.0,1098
,3626.0,1056
,4012.0,1059
,3634.0,977
,3749.0,1051
,3640.0,1324
,3765.0,918
,3808.0,1082
,3700.0,1368
,3722.0,937
,3845.0,1167
,3864.0,1342
,3534.0,1267
,3970.0,898
,3758.0,1208
,3911.0,911
,3533.0,898
,4086.0,924
,3613.0,999
,3774.0,1253
,3875.0,1478
,3641.0,908
,3666.0,1109
,3540.0,1066
,3620.0,1091
,3822.0,987
,3540.0,952
,3970.0,973
,3925.0,1081
,3533.0,973
,3721.0,899
,3533.0,1066
,3718.0,1027
,3811.0,1040
,3697.0,961
,3907.0,916
,3533.0,1150
,3993.0,923
,3533.0,898
,3625.0,929
,3924.0,1147
,3563.0,934
,3588.0,898
,3733.0,1057
,3654.0,939
,3700.0,1100
,3886.0,941
,3715.0,983
,3660.0,974
,3633.0,936
,3631.0,907
,3630.0,1427
,3782.0,1117
,3757.0,963
,3841.0,1158
,3588.0,1140
,3632.0,1154
,3651.0,1033
,3533.0,1011
,3816.0,1037
,3533.0,898
,3694.0,941
,3699.0,1060
,3600.0,1055
,3892.0,1093
,3673.0,955
,3788.0,1041
,3533.0,1109
,4004.0,1025
,3654.0,1063
,3862.0,981
,3641.0,1027
,3561.0,1033
,3935.0,1059
,3813.0,898
,3538.0,898
,3767.0,1272
,3659.0,1016
,3533.0,979
,3785.0,1063
,3626.0,1260
,3859.0,962
,3808.0,898
,3739.0,1150
,3579.0,931
,3533.0,898
,3954.0,1011
,3691.0,927
,3636.0,1032
,3670.0,1082
,3613.0,1223
,3639.0,1188
,3945.0,1056
,4054.0,1137
,3794.0,1061
,3864.0,1003
,3533.0,898
,3662.0,987
,3533.0,898
,3733.0,898
,3873.0,1103
,3685.0,953
,3684.0,1033
,3633.0,985
,3908.0,1001
,3669.0,1602
,3731.0,986
,3714.0,1069
,3823.0,919
,3662.0,1422
,3990.0,1167
,3654.0,1400
,3736.0,1088
,4069.0,911
,3597.0,977
,3589.0,1087
,3694.0,1098
,3679.0,898
,3832.0,1387
,3950.0,1029
,3533.0,1113
,3823.0,901
,3644.0,1128
,3915.0,1077
,3533.0,932
,3683.0,976
,3692.0,964
,3808.0,1156
,4025.0,1353
,3827.0,975
,3870.0,1126
,3567.0,1042
,3831.0,1155
,3627.0,959
,3691.0,961
,3534.0,898
,3720.0,898
,3533.0,1001
,3847.0,951
,3877.0,1046
,3787.0,1285
,3776.0,1204
,3806.0,920
,4002.0,901
,3621.0,1070
,3817.0,1137
,4103.0,1029
,3810.0,1097
,3899.0,928
,3923.0,959
,3589.0,914
,3957.0,1095
,3830.0,898
,3710.0,1308
,3540.0,1080
,3541.0,979
,3695.0,1037
,3986.0,968
,3714.0,1249
,3533.0,1040
,3633.0,1073
,3801.0,913
,3838.0,1161
,3666.0,1028
,3900.0,1005
,3674.0,921
,3562.0,1148
,3842.0,1174
,3690.0,948
,3885.0,1152
,3574.0,1130
,3972.0,938
,3691.0,1025
,3589.0,898
,3683.0,946
,3656.0,994
,3793.0,1197
,3857.0,1203
,3633.0,1061
,3564.0,898
,3605.0,1070
,3594.0,898
,4015.0,898
,3800.0,1074
,3533.0,898
,4047.0,1022
,3533.0,1130
,3573.0,920
,4117.0,945
,3829.0,1230
,3882.0,898
,3600.0,951
,3699.0,920
,3715.0,941
,3853.0,986
,3772.0,1041
,3716.0,1340
,3623.0,1008
,3628.0,898
,3659.0,960
,3750.0,1281
,3748.0,1133
,3849.0,1376
,3607.0,1365
,3915.0,1035
,3693.0,980
,3839.0,1010
,4015.0,1036
,3533.0,997
,3675.0,1602
,3951.0,916
,3680.0,1076
,3876.0,1132
,3547.0,1041
,3605.0,952
,3833.0,898
,4002.0,1065
,3815.0,898
,3849.0,1065
,3715.0,898
,3726.0,1063
,3574.0,1103
,3533.0,994
,3727.0,959
,3628.0,1108
,3561.0,898
,3539.0,959
,3550.0,1023
,3698.0,1015
,3904.0,1303
,3588.0,1029
,3996.0,925
,3690.0,1147
,3711.0,996
,4059.0,1058
,3623.0,1106
,3748.0,1043
,3544.0,1023
,3716.0,1028
,3533.0,1050
,3689.0,1022
,3669.0,961
,3957.0,1186
,3645.0,969
,3938.0,1106
,3866.0,1378
,3656.0,898
,3701.0,901
,3676.0,910
,3568.0,1086
,3625.0,1071
,3657.0,982
,3864.0,1147
,3671.0,898
,3924.0,1077
,3574.0,1211
,3579.0,1178
,3758.0,986
,3578.0,1424
,3622.0,1168
,3813.0,949
,3836.0,1045
,3562.0,959
,3557.0,1034
,3828.0,1135
,3550.0,1049
,3690.0,1178
,3831.0,1068
,3944.0,994
,3610.0,920
,3635.0,1081
,3675.0,1000
,3795.0,1122
,3558.0,1046
,3533.0,962
,3533.0,898
,3803.0,1012
,3932.0,916
,3824.0,1084
,3624.0,990
,3692.0,1093
,3714.0,981
,3660.0,898
,3725.0,980
,3633.0,1050
,3900.0,898
,3793.0,1007
,3645.0,912
,4060.0,1005
,3811.0,929
,3676.0,1080
,3533.0,905
,3620.0,1115
,3624.0,898
,3549.0,1051
,3540.0,898
,3816.0,902
,3533.0,1040
,3557.0,1035
,3713.0,1155
,3716.0,1307
,3622.0,1322
,3642.0,950
,3731.0,937
,3587.0,1027
,3583.0,962
,3694.0,898
,3533.0,959
,3941.0,1132
,3830.0,898
,3676.0,1116
,3868.0,1156
,3583.0,1142
,3812.0,1287
,3746.0,898
,3745.0,1091
,3617.0,1031
,3894.0,1025
,3562.0,945
,3858.0,994
,3833.0,1025
,3596.0,1051
,3732.0,1180
,3758.0,1066
,3563.0,968
,4024.0,946
,3651.0,959
,3660.0,922
,3952.0,944
,3533.0,993
,3691.0,951
,3691.0,914
,3657.0,1130
,3534.0,1016
,3715.0,955
,4104.0,1064
,3594.0,935
,3993.0,1046
,3533.0,898
,3807.0,990
,3585.0,1029
,3949.0,1357
,3845.0,1037
,3834.0,1602
,3853.0,960
,3599.0,898
,3953.0,961
,3533.0,973
,3567.0,898
,3533.0,898
,3621.0,1062
,3737.0,1023
,3624.0,941
,3801.0,1269
,3955.0,1077
,3862.0,1080
,3735.0,1085
,3674.0,964
,3533.0,1129
,3572.0,1511
,3712.0,916
,3885.0,997
,3857.0,947
,3661.0,1112
,3593.0,954
,3699.0,910
,3692.0,940
,3609.0,1045
,3554.0,983
,3644.0,1128
,3866.0,948
,3949.0,898
,3533.0,945
,3966.0,995
,3679.0,1069
,3664.0,1039
,3911.0,1070
,3584.0,1059
,3533.0,910
,3681.0,922
,3848.0,898
,3680.0,1200
,3619.0,1288
,3533.0,990
,3720.0,898
,3721.0,900
,3681.0,1302
,3620.0,1032
,3794.0,1063
,3912.0,898
,3622.0,1062
,3853.0,965
,3760.0,1129
,3582.0,951
,3533.0,898
,3668.0,920
,3604.0,967
,3951.0,1120
,3533.0,970
,3821.0,1038
,3826.0,1569
,3627.0,979
,3863.0,1136
,3829.0,907
,3723.0,1070
,3841.0,898
,3746.0,921
,3881.0,1007
,3644.0,1116
,3817.0,1006
,3533.0,898
,3662.0,922
,4163.0,987
,3686.0,1061
,3742.0,1030
,3618.0,1513
,3894.0,1097
,3552.0,1170
,3871.0,898
,3577.0,1045
,3659.0,970
,3552.0,1114
,3703.0,924
,3576.0,942
,3833.0,898
,3542.0,1072
,4001.0,1082
,3583.0,1371
,3702.0,976
,3971.0,929
,3875.0,984
,3769.0,1084
,3639.0,1044
,4096.0,1004
,3881.0,1112
,3861.0,1025
,3632.0,963
,3983.0,898
,3533.0,1175
,3796.0,1033
,3861.0,1441
,3670.0,929
,3785.0,1213
,3871.0,938
,3843.0,898
,3782.0,1051
,3632.0,1169
,3587.0,999
,3617.0,1041
,3682.0,1058
,3817.0,1014
,3647.0,1100
,3586.0,913
,3571.0,933
,3744.0,925
,3999.0,1234
,3588.0,1190
,3533.0,942
,3533.0,1047
,3695.0,1035
,3780.0,1083
,3759.0,962
,3783.0,1179
,3533.0,1053
,3646.0,979
,3533.0,898
,3582.0,985
,3624.0,1107
,3615.0,898
,3824.0,1048
,3537.0,898
,3924.0,1576
,3887.0,1062
,3544.0,898
,3628.0,985
,3860.0,1397
,3606.0,911
,3615.0,1100
,3966.0,981
,3533.0,1034
,3601.0,1154
,3591.0,1063
,3786.0,1088
,3901.0,1177
,3647.0,1070
,3802.0,1002
,3747.0,1009
,3662.0,907
,3859.0,1219
,3533.0,898
,3667.0,1035
,3728.0,996
,3548.0,1034
,3928.0,1128
,3533.0,898
,3892.0,1070
,3536.0,1060
,3675.0,1039
,3533.0,1137
,3946.0,898
,3800.0,950
,3623.0,928
,4048.0,991
,3835.0,947
,3689.0,937
,3533.0,976
,3537.0,924
,3536.0,1275
,3585.0,988
,3549.0,1030
,3825.0,1062
,3656.0,1304
,3690.0,1131
,3951.0,1109
,3536.0,1200
,3751.0,1048
,3845.0,1081
,3595.0,1120
,3533.0,898
,3893.0,1108
,3769.0,1444
,3609.0,1022
,4009.0,1350
,3814.0,985
,3751.0,980
,3787.0,991
,3602.0,1169
,3759.0,902
,3533.0,1084
,3600.0,931
,3730.0,1090
,3754.0,1094
,3533.0,1355
,3625.0,1005
,3533.0,1198
,3808.0,898
,3567.0,998
,3680.0,901
,3734.0,1180
,3764.0,1003
,3542.0,1025
,3574.0,985
,3944.0,1407
,3748.0,1100
,3750.0,1051
,3721.0,1042
,3610.0,983
,3593.0,1266
,3880.0,1149
,3890.0,1017
,3572.0,898
,3807.0,1002
,3614.0,973
,3712.0,932
,3670.0,1102
,3614.0,898
,3533.0,1074
,3679.0,1357
,3817.0,1017
,3909.0,1057
,3587.0,935
,3536.0,1053
,3791.0,1148
,3761.0,1011
,3630.0,1040
,3878.0,899
,3969.0,992
,3920.0,898
,3683.0,1014
,3787.0,1090
,3692.0,1079
,3533.0,1187
,3826.0,957
,3533.0,898
,3778.0,1047
,3822.0,1306
,3689.0,1047
,3848.0,1013
,3624.0,1131
,4028.0,923
,3607.0,1009
,3719.0,1042
,3648.0,999
,3934.0,902
,3580.0,898
,3742.0,898
,3841.0,1042
,3674.0,1041
,3533.0,898
,3687.0,1010
,3587.0,898
,3752.0,1117
,3796.0,898
,3575.0,978
,3680.0,1013
,3644.0,964
,3670.0,898
,3533.0,1063
,3678.0,983
,3533.0,898
,3654.0,898
,3533.0,898
,3949.0,1203
,3533.0,1186
,3974.0,1020
,3835.0,1056
,3919.0,1115
,3573.0,1151
,3564.0,898
,3533.0,898
,3614.0,898
,3533.0,1037
,3549.0,1118
,3729.0,898
,3656.0,1138
,3972.0,941
,3537.0,1113
,3954.0,943
,3622.0,1046
,3664.0,1037
,3665.0,947
,3533.0,898
,3535.0,985
,3594.0,898
,3569.0,944
,3533.0,1214
,3912.0,981
,3549.0,1004
,3770.0,936
,3595.0,898
,3804.0,898
,3560.0,1210
,3883.0,960
,3601.0,962
,3545.0,1140
,3542.0,1048
,3663.0,958
,3670.0,972
,3575.0,1187
,3579.0,898
,3867.0,1151
,3620.0,1228
,3621.0,959
,3533.0,898
,3946.0,898
,3617.0,1076
,3641.0,1065
,3684.0,919
,3893.0,901
,3544.0,898
,3798.0,1061
,3807.0,918
,3878.0,1038
,3569.0,973
,3922.0,1200
,3812.0,1066
,3684.0,906
,3930.0,975
,3879.0,975
,3779.0,905
,3661.0,1061
,3619.0,1101
,4005.0,1126
,3808.0,1033
,3922.0,979
,3580.0,1025
,3633.0,898
,3607.0,987
,3590.0,974
,3651.0,1074
,3804.0,898
,3533.0,1129
,3590.0,962
,3630.0,1141
,3925.0,1298
,4051.0,899
,3616.0,975
,3618.0,970
,3663.0,898
,3649.0,1086
,3634.0,1089
,4054.0,1115
,3891.0,1199
,3718.0,1282
,3813.0,1133
,4040.0,972
,3862.0,1114
,3661.0,1020
,3567.0,1083
,3677.0,942
,3602.0,1005
,3767.0,1054
,4044.0,952
,3636.0,1213
,3533.0,982
,3533.0,976
,3533.0,937
,3950.0,1009
,3809.0,1437
,4028.0,1015
,3641.0,961
,3656.0,951
,3959.0,898
,3587.0,1146
,3533.0,936
,3533.0,953
,3638.0,1225
,3582.0,913
,3645.0,1258
,3533.0,913
,3697.0,1321
,3660.0,1046
,3973.0,1254
,3698.0,957
,3671.0,937
,3804.0,1093
,3663.0,1057
,3867.0,940
,3607.0,955
,4029.0,1039
,3560.0,1070
,3699.0,898
,3744.0,1053
,3890.0,1029
,3533.0,898
,3735.0,1105
,3623.0,898
,3533.0,930
,3893.0,1312
,3920.0,1075
,3634.0,1103
,3936.0,1237
,3632.0,941
,3559.0,915
,3554.0,934
,3594.0,1422
,3691.0,1286
,3857.0,1017
,4111.0,1199
,3809.0,898
,3615.0,1047
,4083.0,1019
,3808.0,932
,3545.0,898
,3603.0,938
,3779.0,1363
,3533.0,1081
,3976.0,1066
,3639.0,898
,3533.0,1187
,3533.0,898
,3543.0,1350
,3957.0,909
,3693.0,1088
,3733.0,955
,3812.0,957
,3868.0,935
,3754.0,1113
,3625.0,1327
,3533.0,974
,3916.0,898
,3636.0,898
,3983.0,1042
,3641.0,1086
,3569.0,1005
,3533.0,926
,3916.0,1092
,3729.0,1212
,3533.0,898
,3890.0,915
,3630.0,1167
,3570.0,1035
,3755.0,1342
,3814.0,942
,3774.0,1036
,3873.0,941
,3533.0,1024
,3598.0,1075
,3811.0,1029
,3901.0,1034
,3551.0,1008
,3862.0,963
,3533.0,1119
,3817.0,912
,3730.0,898
,3931.0,1018
,3681.0,930
,3602.0,945
,3771.0,927
,3619.0,1092
,3596.0,1013
,3770.0,898
,3861.0,983
,3559.0,1026
,3975.0,1027
,3918.0,1387
,3680.0,1093
,3608.0,993
,3726.0,1144
,3533.0,898
,3593.0,992
,3840.0,1019
,3953.0,1014
,3626.0,986
,3553.0,998
,3688.0,933
,3613.0,1010
,3533.0,901
,3708.0,1029
,3663.0,1007
,3717.0,1033
,4090.0,1269
,3644.0,1011
,3829.0,923
,3793.0,898
,4107.0,1183
,3989.0,1448
,3635.0,1050
,3884.0,1149
,4074.0,898
,3616.0,1021
,3979.0,898
,3797.0,1357
,3997.0,1132
,3992.0,1081
,3984.0,1072
,4013.0,973
,3859.0,1285
,3558.0,898
,3705.0,969
,3555.0,1041
,3774.0,1078
,3631.0,898
,3642.0,1026
,3774.0,922
,3641.0,1282
,3655.0,1160
,3862.0,1094
,3716.0,1211
,3836.0,966
,3596.0,996
,3768.0,1101
,3567.0,898
,3602.0,1223
,3582.0,1072
,3537.0,898
,3683.0,997
,3730.0,1354
,3556.0,1273
,3533.0,898
,3837.0,1202
,3596.0,1602
,3742.0,898
,3878.0,933
,3982.0,1063
,3632.0,898
,3858.0,1245
,3569.0,1046
,3582.0,997
,3650.0,898
,3820.0,1026
,3805.0,898
,3789.0,898
,3860.0,898
,3799.0,1033
,3677.0,948
,4163.0,929
,3809.0,1038
,3584.0,1136
,3719.0,1101
,3668.0,1290
,3975.0,1060
,3736.0,920
,3620.0,1069
,3698.0,1013
,3707.0,908
,3572.0,1169
,3935.0,968
,3769.0,1123
,3533.0,1117
,3777.0,898
,3910.0,929
,3745.0,1034
,3736.0,1047
,3821.0,919
,3904.0,952
,3561.0,1002
,3562.0,1035
,3724.0,1135
,3835.0,981
,3606.0,1008
,3761.0,981
,3665.0,949
,3536.0,1008
,3677.0,1059
,3533.0,898
,3648.0,1175
,3863.0,898
,3707.0,1050
,3611.0,930
,3887.0,1121
,3752.0,898
,3862.0,952
,3658.0,1205
,3567.0,1028
,3672.0,931
,3838.0,1035
,3642.0,1126
,3612.0,989
,3625.0,987
,3575.0,1129
,3591.0,1096
,3646.0,1050
,3795.0,1064
,3533.0,1002
,3957.0,1046
,3670.0,926
,3991.0,898
,3630.0,906
,3613.0,1146
,3533.0,1109
,3908.0,954
,3772.0,1016
,3533.0,911
,3571.0,947
,3776.0,1213
,3699.0,979
,3592.0,1127
,3581.0,979
,3586.0,1236
,3940.0,1161
,4019.0,1013
,3533.0,1096
,3923.0,944
,3701.0,898
,3907.0,1038
,3593.0,1107
,3611.0,903
,3638.0,952
,3610.0,999
,3978.0,1088
,3901.0,898
,3704.0,1149
,3921.0,1345
,3713.0,1053
,3769.0,911
,3667.0,898
,3753.0,898
,3565.0,898
,3533.0,1146
,3982.0,1216
,3533.0,970
,3681.0,996
,3877.0,1092
,3537.0,898
,3833.0,1011
,3870.0,970
,3984.0,898
,3533.0,1125
,3699.0,1357
,3713.0,1237
,3689.0,986
,3540.0,1140
,3695.0,1431
,3549.0,1031
,3908.0,951
,3559.0,1153
,3653.0,1007
,4056.0,1114
,3721.0,1098
,3946.0,947
,3881.0,1199
,3593.0,1240
,3610.0,1069
,3637.0,1115
,3677.0,898
,3608.0,955
,3567.0,1072
,3821.0,1382
,3764.0,957
,3572.0,1148
,3589.0,1026
,3814.0,1408
,3574.0,1165
,3731.0,962
,3848.0,955
,3652.0,965
,3795.0,1362
,3708.0,1054
,3711.0,949
,3538.0,1310
,3949.0,1087
,3533.0,1116
,4024.0,898
,3533.0,1006
,3733.0,917
,3622.0,955
,3827.0,900
,3950.0,928
,3695.0,994
,3884.0,1292
,3622.0,967
,3603.0,898
,3588.0,898
,3600.0,1088
,3705.0,1130
,3630.0,898
,3621.0,1222
,3782.0,1034
,3612.0,1131
,3603.0,1103
,3746.0,1143
,3793.0,945
,3598.0,1402
,3741.0,898
,3621.0,1136
,3898.0,1029
,3658.0,1094
,3732.0,975
,3533.0,1248
,3644.0,898
,3694.0,905
,3777.0,1067
,3802.0,1126
,3823.0,1040
,3933.0,1042
,3533.0,1143
,4030.0,1043
,3601.0,898
,3781.0,1329
,3867.0,898
,3533.0,898
,3924.0,1150
,4006.0,1097
,3729.0,1264
,3533.0,1140
,3883.0,1169
,3749.0,1123
,3682.0,1037
,3725.0,1072
,3533.0,1020
,3696.0,946
,3817.0,898
,3679.0,1145
,3711.0,1319
,3823.0,1083
,3697.0,898
,4018.0,1021
,3913.0,1385
,3633.0,1080
,3763.0,948
,3745.0,941
,3780.0,955
,3813.0,1020
,3632.0,898
,3729.0,1017
,3653.0,1008
,4083.0,993
,3545.0,945
,3533.0,904
,3821.0,1063
,3836.0,1358
,3578.0,940
,4052.0,972
,3856.0,1242
,3921.0,898
,3585.0,1086
,3787.0,1104
,3736.0,1026
,3787.0,900
,3533.0,912
,3698.0,1166
,3575.0,1070
,3813.0,991
,3693.0,1190
,3557.0,924
,3533.0,1157
,3646.0,956
,3719.0,898
,3589.0,931
,3746.0,1105
,3737.0,898
,3569.0,1049
,3533.0,1161
,3680.0,1202
,3745.0,1029
,3825.0,898
,3820.0,939
,3806.0,941
,3744.0,945
,3533.0,931
,3571.0,1006
,3614.0,1121
,3716.0,1031
,3909.0,987
,3533.0,1041
,3872.0,898
,3717.0,1085
,3533.0,942
,3639.0,1230
,3612.0,1004
,3605.0,1005
,3898.0,1119
,3585.0,898
,3533.0,941
,3616.0,1040
,3582.0,1031
,3877.0,898
,3719.0,1053
,3634.0,1052
,3791.0,1050
,3768.0,1117
,3987.0,916
,3828.0,1176
,3730.0,1167
,3855.0,1252
,3833.0,935
,3806.0,971
,3846.0,898
,3621.0,1038
,3660.0,1148
,3881.0,1091
,3646.0,1294
,3533.0,898
,3673.0,1254
,3899.0,1204
,3707.0,1040
,3724.0,989
,3596.0,898
,3543.0,1038
,3602.0,1098
,3560.0,982
,4040.0,1031
,3675.0,900
,3830.0,960
,4068.0,1124
,3695.0,1122
,3558.0,1300
,3679.0,943
,3882.0,1083
,3633.0,962
,3665.0,936
,3669.0,1079
,3654.0,993
,3589.0,1070
,3681.0,938
,3868.0,1122
,3611.0,1002
,3876.0,902
,4044.0,1055
,3778.0,1079
,3577.0,950
,3630.0,1102
,3533.0,1007
,3990.0,933
,3673.0,1033
,3745.0,1032
,3926.0,928
,3667.0,954
,3648.0,1133
,3934.0,1071
,3667.0,1223
,3533.0,1109
,3923.0,971
,3783.0,1537
,3736.0,911
,3618.0,1001
,3796.0,949
,3616.0,1113
,4013.0,1071
,3533.0,985
,3662.0,1113
,3876.0,1003
,3691.0,1198
,3785.0,1060
,3646.0,1023
,3762.0,898
,3648.0,898
,3533.0,977
,3571.0,1004
,4016.0,1149
,3710.0,1077
,3533.0,898
,3765.0,1182
,3894.0,1377
,3845.0,898
,3533.0,898
,3829.0,948
,3582.0,1109
,3960.0,1197
,3548.0,990
,3878.0,1024
,3533.0,1024
,3656.0,1036
,3627.0,1147
,3675.0,1115
,3568.0,970
,3698.0,898
,3776.0,1110
,3578.0,1227
,3620.0,924
,3637.0,979
,3849.0,1090
,3619.0,1166
,3697.0,898
,3750.0,909
,3533.0,898
,3589.0,967
,3731.0,1119
,3789.0,1110
,3862.0,898
,3784.0,898
,3542.0,964
,3643.0,1078
,3655.0,1006
,3580.0,1004
,3668.0,999
,3609.0,927
,3584.0,912
,3886.0,917
,3833.0,1278
,3621.0,898
,3800.0,965
,3928.0,931
,3846.0,952
,3740.0,997
,3855.0,1053
,3551.0,1298
,3868.0,1000
,3533.0,969
,3890.0,1529
,3686.0,1010
,3960.0,987
,4031.0,992
,3588.0,914
,3740.0,903
,3537.0,926
,3564.0,931
,3892.0,1060
,3560.0,942
,4042.0,976
,3602.0,964
,3815.0,898
,3547.0,979
,3837.0,1004
,3803.0,929
,3984.0,967
,3533.0,982
,3959.0,1018
,3575.0,1099
,3678.0,938
,3561.0,910
,3680.0,1076
,3950.0,934
,3840.0,1023
,3877.0,1056
,3564.0,946
,3533.0,898
,3858.0,1212
,3815.0,1093
,3566.0,898
,3839.0,1128
,3659.0,898
,3533.0,898
,3739.0,918
,3717.0,1039
,3948.0,1065
,3631.0,898
,3839.0,917
,3991.0,898
,3989.0,995
,3533.0,898
,3837.0,1129
,3897.0,1049
,3557.0,898
,3714.0,1393
,3872.0,1114
,3819.0,961
,3792.0,1031
,3533.0,1071
,3533.0,1082
,3640.0,1062
,4050.0,1144
,3700.0,918
,3711.0,1200
,3770.0,955
,3552.0,1106
,3813.0,898
,3570.0,898
,3533.0,978
,3774.0,906
,3533.0,898
,3579.0,1089
,3699.0,1046
,3560.0,898
,3533.0,965
,3743.0,930
,3907.0,941
,3597.0,943
,3708.0,962
,3773.0,1166
,3721.0,1332
,3827.0,1110
,3551.0,917
,3849.0,1063
,3815.0,898
,3793.0,1000
,3693.0,1069
,3680.0,902
,3710.0,928
,3843.0,1006
,3533.0,1302
,3533.0,912
,3840.0,914
,3803.0,1159
,3705.0,1018
,3924.0,1179
,3801.0,989
,3693.0,1103
,3533.0,998
,3721.0,898
,3579.0,898
,3657.0,898
,3912.0,1053
,3622.0,1466
,3763.0,1061
,3574.0,1054
,3822.0,1194
,3688.0,898
,3598.0,898
,3560.0,898
,3706.0,934
,3723.0,944
,3687.0,954
,3777.0,1065
,3534.0,956
,3864.0,1028
,3666.0,898
,3613.0,1542
,3764.0,1048
,3809.0,935
,3533.0,1386
,3533.0,898
,3738.0,1021
,3761.0,1020
,3533.0,1021
,3959.0,984
,3850.0,1022
,3610.0,1107
,4051.0,1024
,3601.0,1166
,3928.0,898
,3640.0,1250
,3611.0,957
,3934.0,1159
,3738.0,903
,3838.0,1175
,3575.0,898
,3795.0,955
,3625.0,1059
,3849.0,1024
,3838.0,954
,3760.0,1105
,3796.0,969
,3999.0,981
,3729.0,950
,3614.0,994
,3761.0,941
,3646.0,978
,3533.0,999
,3733.0,1048
,3980.0,996
,3600.0,933
,3627.0,1014
,3623.0,935
,3757.0,1105
,3954.0,937
,3955.0,898
,3533.0,898
,3841.0,941
,3802.0,993
,3619.0,1023
,3822.0,898
,3581.0,1377
,3844.0,989
,3855.0,1054
,3705.0,898
,3800.0,1030
,3766.0,1175
,3658.0,898
,3711.0,983
,3559.0,1013
,3638.0,1007
,3679.0,953
,3696.0,901
,3533.0,1183
,3599.0,953
,3713.0,1174
,3791.0,1065
,3649.0,975
,3811.0,1133
,3675.0,1180
,3533.0,1041
,3572.0,898
,3711.0,1072
,3592.0,1032
,3754.0,1052
,3557.0,1013
,3533.0,986
,3855.0,954
,3726.0,1226
,4069.0,1055
,3770.0,903
,3853.0,1070
,3533.0,948
,3797.0,977
,3725.0,1033
,3788.0,1000
,3533.0,1100
,3592.0,965
,3731.0,957
,3943.0,1004
,3790.0,993
,3699.0,1065
,3533.0,908
,3897.0,991
,3936.0,1057
,3777.0,1138
,3746.0,898
,3533.0,1154
,3533.0,1015
,3574.0,1074
,3902.0,1091
,3817.0,1097
,3688.0,1040
,3556.0,898
,3621.0,1003
,3707.0,1149
,3857.0,1140
,3580.0,943
,3849.0,959
,3619.0,975
,3686.0,906
,3930.0,987
,3671.0,929
,3581.0,898
,3799.0,1053
,3683.0,1079
,3672.0,1017
,3822.0,898
,3925.0,984
,3830.0,1051
,3837.0,1118
,3533.0,898
,3695.0,1043
,3802.0,912
,3624.0,1275
,3625.0,905
,3862.0,996
,3881.0,980
,3812.0,1033
,3600.0,1368
,3753.0,932
,3582.0,899
,3679.0,912
,3820.0,1251
,3533.0,1073
,3998.0,975
,3583.0,898
,4093.0,1015
,3558.0,1064
,3648.0,926
,3614.0,978
,3533.0,1053
,3539.0,929
,3970.0,1168
,3928.0,1180
,3779.0,1166
,3533.0,1080
,3859.0,963
,3686.0,1019
,3778.0,1023
,3533.0,898
,3769.0,1043
,3590.0,1160
,3841.0,983
,3891.0,1010
,3748.0,953
,3679.0,1219
,3734.0,1022
,3537.0,1158
,3579.0,1155
,3828.0,948
,3533.0,967
,3688.0,1062
,3740.0,1037
,3533.0,1541
,3804.0,1048
,3665.0,1086
,3799.0,921
,3582.0,1038
,3909.0,898
,4163.0,1065
,3678.0,898
,3674.0,957
,3823.0,973
,3678.0,977
,3784.0,1038
,3533.0,909
,3600.0,1071
,3536.0,1147
,3771.0,1025
,4108.0,1220
,3633.0,968
,4075.0,1150
,3775.0,1109
,3784.0,1112
,3942.0,985
,3597.0,943
,3554.0,992
,3654.0,898
,3560.0,1193
,3769.0,1293
,3766.0,909
,3784.0,994
,3816.0,1023
,3533.0,1246
,3778.0,1085
,3586.0,1048
,3533.0,1065
,3736.0,1078
,3794.0,934
,3919.0,1096
,3604.0,1020
,3584.0,898
,3666.0,1314
,3840.0,955
,3709.0,974
,3773.0,946
,3576.0,946
,3650.0,904
,3564.0,1004
,3533.0,1125
,3786.0,1156
,3533.0,970
,3540.0,1104
,3969.0,1008
,3711.0,1163
,3781.0,1044
,3533.0,898
,3863.0,1405
,3601.0,996
,3541.0,1063
,3994.0,898
,3623.0,898
,3533.0,1067
,3598.0,966
,3567.0,958
,3549.0,1035
,3810.0,995
,3851.0,1027
,3723.0,1028
,3858.0,960
,3580.0,1032
,3654.0,1172
,3602.0,1191
,3533.0,936
,3533.0,923
,3726.0,1226
,3674.0,908
,3704.0,979
,3563.0,969
,3577.0,973
,3630.0,1177
,3552.0,1220
,3795.0,1176
,3672.0,1142
,3689.0,1108
,3959.0,898
,3605.0,1487
,3616.0,1083
,3533.0,960
,3767.0,1187
,3587.0,973
,3533.0,898
,3578.0,898
,3795.0,918
,3550.0,950
,3829.0,1027
,3563.0,926
,3692.0,967
,4025.0,1123
,3987.0,1014
,3873.0,1130
,3932.0,1133
,3656.0,1057
,3617.0,1022
,3773.0,898
,3624.0,1028
,3628.0,933
,3639.0,1186
,3843.0,1005
,3608.0,907
,3962.0,1095
,3533.0,1021
,3908.0,1027
,3830.0,1041
,3657.0,1029
,3807.0,1033
,3953.0,1417
,3735.0,953
,4025.0,898
,3719.0,898
,3841.0,996
,3533.0,945
,3920.0,1072
,3757.0,901
,3864.0,933
,3894.0,941
,3941.0,1008
,3679.0,946
,3590.0,1108
,3781.0,1062
,3924.0,1085
,3655.0,943
,3533.0,994
,3550.0,906
,3650.0,948
,3647.0,1207
,3868.0,1233
,3946.0,905
,3630.0,914
,3911.0,1253
,3767.0,898
,3676.0,1081
,3940.0,1425
,3763.0,961
,3566.0,924
,3533.0,1047
,3771.0,1259
,3920.0,898
,3737.0,1101
,3786.0,1065
,3800.0,1079
,3761.0,984
,3563.0,905
,3906.0,1004
,3533.0,1029
,3660.0,952
,3570.0,899
,3685.0,1147
,3748.0,1452
,3559.0,1136
,3533.0,1026
,3681.0,1078
,3610.0,902
,3892.0,1106
,3586.0,942
,3533.0,933
,3717.0,1083
,3862.0,1055
,3783.0,939
,3927.0,1089
,3628.0,1017
,3533.0,898
,3707.0,914
,3533.0,902
,3542.0,943
,3552.0,1005
,3570.0,1124
,3637.0,1092
,3533.0,1030
,3609.0,1033
,3547.0,930
,3857.0,918
,3843.0,1091
,3533.0,941
,3837.0,1187
,3697.0,1121
,3533.0,957
,3694.0,898
,3829.0,1090
,3533.0,971
,3910.0,900
,4094.0,1012
,3770.0,1094
,3921.0,1092
,3579.0,1010
,3676.0,1165
,3980.0,964
,3907.0,1149
,3850.0,898
,3572.0,1095
,3836.0,1072
,3744.0,1110
,3555.0,898
,3940.0,1042
,3931.0,939
,3809.0,1145
,3728.0,956
,3544.0,973
,3848.0,906
,3593.0,1053
,3642.0,1069
,3648.0,968
,3688.0,910
,3717.0,1213
,3737.0,984
,3999.0,1034
,3716.0,1060
,3897.0,1061
,3585.0,983
,3619.0,998
,3645.0,1002
,3914.0,898
,3938.0,1159
,3533.0,921
,3543.0,898
,3688.0,1001
,3610.0,943
,3533.0,1054
,3703.0,953
,3629.0,998
,3636.0,1077
,3574.0,975
,3533.0,1057
,3641.0,1182
,3643.0,934
,3874.0,904
,3948.0,1219
,3533.0,898
,3533.0,970
,3904.0,1094
,3533.0,945
,3588.0,938
,3665.0,1068
,3788.0,968
,3747.0,1085
,3962.0,1029
,3735.0,955
,3666.0,904
,3682.0,1016
,3535.0,1132
,3678.0,1028
,3627.0,1041
,3700.0,1117
,3798.0,968
,3592.0,943
,3734.0,1127
,3667.0,1206
,3565.0,898
,3700.0,1168
,3915.0,1119
,3831.0,1025
,3755.0,920
,3586.0,1003
,3601.0,1079
,3669.0,922
,3935.0,898
,3545.0,941
,3645.0,1127
,3744.0,1120
,3533.0,1086
,3533.0,983
,3533.0,1001
,3858.0,966
,3721.0,956
,3860.0,1090
,3828.0,1354
,3553.0,898
,3550.0,1153
,3899.0,1112
,3533.0,999
,3826.0,1025
,3534.0,938
,4089.0,1064
,3533.0,1200
,3849.0,898
,3795.0,947
,3870.0,936
,3682.0,1213
,3685.0,969
,3618.0,1005
,3786.0,898
,3827.0,905
,3837.0,1006
,3706.0,1022
,3551.0,1061
,3799.0,1370
,3603.0,1012
,3533.0,902
,3949.0,965
,3829.0,898
,3742.0,900
,4052.0,1007
,3760.0,953
,3786.0,1045
,3781.0,921
,3547.0,1106
,3762.0,1022
,3533.0,1027
,3854.0,1014
,3731.0,1070
,3720.0,1021
,3533.0,1091
,3611.0,1073
,3620.0,1078
,3815.0,1067
,3818.0,1059
,3533.0,898
,3533.0,913
,3567.0,898
,3652.0,947
,3847.0,1124
,3653.0,995
,4044.0,1045
,3780.0,909
,3692.0,1227
,3670.0,1060
,3751.0,968
,3533.0,898
,3678.0,1108
,3745.0,909
,3533.0,1065
,3734.0,1101
,3849.0,924
,3834.0,1266
,3678.0,898
,3767.0,984
,3942.0,947
,3554.0,1021
,3853.0,916
,3606.0,921
,3996.0,1027
,3942.0,979
